﻿1,2025-09-17,09:00:04,24.1,78.2,
2,2025-09-17,09:05:04,23.8,78.5,
3,2025-09-17,09:10:04,23.5,78.4,
4,2025-09-17,09:15:04,23.1,78.3,
5,2025-09-17,09:20:04,23.1,78.1,
6,2025-09-17,09:25:04,24.0,77.2,
7,2025-09-17,09:30:04,23.8,78.2,
8,2025-09-17,09:35:04,24.4,78.2,
9,2025-09-17,09:40:04,24.5,78.1,
10,2025-09-17,09:45:04,24.5,78.0,
11,2025-09-17,09:50:04,25.3,77.2,
12,2025-09-17,09:55:04,25.2,77.4,
13,2025-09-17,10:00:04,25.2,77.5,
14,2025-09-17,10:05:04,25.0,77.7,
15,2025-09-17,10:10:04,24.6,78.0,
16,2025-09-17,10:15:04,24.3,78.1,
17,2025-09-17,10:20:04,24.0,78.2,
18,2025-09-17,10:25:04,23.7,78.3,
19,2025-09-17,10:30:04,23.5,78.3,
20,2025-09-17,10:35:04,23.4,78.2,
21,2025-09-17,10:40:04,23.3,78.3,
22,2025-09-17,10:45:04,23.2,78.2,
23,2025-09-17,10:50:04,23.1,78.2,
24,2025-09-17,10:55:04,23.0,78.2,
25,2025-09-17,11:00:04,22.9,78.2,
26,2025-09-17,11:05:04,22.8,78.3,
27,2025-09-17,11:10:04,22.7,78.3,
28,2025-09-17,11:15:04,22.6,78.3,
29,2025-09-17,11:20:04,22.5,78.3,
30,2025-09-17,11:25:04,22.4,78.4,
31,2025-09-17,11:30:04,22.6,78.3,
32,2025-09-17,11:35:04,22.9,78.4,
33,2025-09-17,11:40:04,22.9,78.4,
34,2025-09-17,11:45:04,22.9,78.3,
35,2025-09-17,11:50:04,23.0,78.2,
36,2025-09-17,11:55:04,22.9,78.2,
37,2025-09-17,12:00:04,22.8,78.3,
38,2025-09-17,12:05:04,22.6,78.3,
39,2025-09-17,12:10:04,22.5,78.3,
40,2025-09-17,12:15:04,22.5,78.3,
41,2025-09-17,12:20:04,22.4,78.3,
42,2025-09-17,12:25:04,22.4,78.4,
43,2025-09-17,12:30:04,22.4,78.5,
44,2025-09-17,12:35:04,22.3,78.6,
45,2025-09-17,12:40:04,22.2,78.7,
46,2025-09-17,12:45:04,22.6,78.7,
47,2025-09-17,12:50:04,22.7,78.6,
48,2025-09-17,12:55:04,22.7,78.6,
49,2025-09-17,13:00:04,22.8,78.4,
50,2025-09-17,13:05:04,22.7,78.3,
51,2025-09-17,13:10:04,22.7,78.3,
52,2025-09-17,13:15:04,22.7,78.4,
53,2025-09-17,13:20:04,22.6,78.4,
54,2025-09-17,13:25:04,22.6,78.4,
55,2025-09-17,13:30:04,22.6,78.4,
56,2025-09-17,13:35:04,22.5,78.4,
57,2025-09-17,13:40:04,22.5,78.3,
58,2025-09-17,13:45:04,22.5,78.3,
59,2025-09-17,13:50:04,22.4,78.3,
60,2025-09-17,13:55:04,22.4,78.4,
61,2025-09-17,14:00:04,22.4,78.3,
62,2025-09-17,14:05:04,22.3,78.2,
63,2025-09-17,14:10:04,22.2,78.2,
64,2025-09-17,14:15:04,22.1,78.2,
65,2025-09-17,14:20:04,22.0,77.6,
66,2025-09-17,14:25:04,21.7,77.6,
67,2025-09-17,14:30:04,21.6,77.9,
68,2025-09-17,14:35:04,21.6,78.0,
69,2025-09-17,14:40:04,21.5,77.9,
70,2025-09-17,14:45:04,21.4,78.0,
71,2025-09-17,14:50:04,21.3,78.2,
72,2025-09-17,14:55:04,21.5,78.7,
73,2025-09-17,15:00:04,21.8,78.7,
74,2025-09-17,15:05:04,22.1,79.1,
75,2025-09-17,15:10:04,22.2,78.4,
76,2025-09-17,15:15:04,22.1,78.2,
77,2025-09-17,15:20:04,21.9,78.2,
78,2025-09-17,15:25:04,21.7,78.3,
79,2025-09-17,15:30:04,21.7,78.6,
80,2025-09-17,15:35:04,21.8,78.8,
81,2025-09-17,15:40:04,21.8,78.8,
82,2025-09-17,15:45:04,21.7,78.6,
83,2025-09-17,15:50:04,21.7,78.7,
84,2025-09-17,15:55:04,21.6,78.4,
85,2025-09-17,16:00:04,21.5,78.4,
86,2025-09-17,16:05:04,21.4,78.5,
87,2025-09-17,16:10:04,21.2,78.4,
88,2025-09-17,16:15:04,21.2,78.4,
89,2025-09-17,16:20:04,21.1,78.5,
90,2025-09-17,16:25:04,21.0,78.5,
91,2025-09-17,16:30:04,21.0,78.6,
92,2025-09-17,16:35:04,21.0,78.5,
93,2025-09-17,16:40:04,21.0,78.6,
94,2025-09-17,16:45:04,21.0,78.6,
95,2025-09-17,16:50:04,21.1,78.8,
96,2025-09-17,16:55:04,21.1,78.9,
97,2025-09-17,17:00:04,21.1,78.9,
98,2025-09-17,17:05:04,21.0,79.0,
99,2025-09-17,17:10:04,21.1,79.1,
100,2025-09-17,17:15:04,21.0,79.2,
101,2025-09-17,17:20:04,21.0,79.2,
102,2025-09-17,17:25:04,21.1,79.3,
103,2025-09-17,17:30:04,21.1,79.3,
104,2025-09-17,17:35:04,21.1,79.4,
105,2025-09-17,17:40:04,21.1,79.4,
106,2025-09-17,17:45:04,21.1,79.4,
107,2025-09-17,17:50:04,21.1,79.5,
108,2025-09-17,17:55:04,21.1,79.5,
109,2025-09-17,18:00:04,21.1,79.5,
110,2025-09-17,18:05:04,21.1,79.5,
111,2025-09-17,18:10:04,21.1,79.5,
112,2025-09-17,18:15:04,21.1,79.6,
113,2025-09-17,18:20:04,21.1,79.6,
114,2025-09-17,18:25:04,21.1,79.7,
115,2025-09-17,18:30:04,21.1,79.7,
116,2025-09-17,18:35:04,21.1,79.7,
117,2025-09-17,18:40:04,21.1,79.8,
118,2025-09-17,18:45:04,21.1,79.8,
119,2025-09-17,18:50:04,21.1,79.8,
120,2025-09-17,18:55:04,21.1,79.8,
121,2025-09-17,19:00:04,21.1,79.8,
122,2025-09-17,19:05:04,21.1,79.9,
123,2025-09-17,19:10:04,21.1,79.9,
124,2025-09-17,19:15:04,21.1,79.9,
125,2025-09-17,19:20:04,21.0,79.9,
126,2025-09-17,19:25:04,21.0,79.9,
127,2025-09-17,19:30:04,21.0,79.9,
128,2025-09-17,19:35:04,21.0,80.0,
129,2025-09-17,19:40:04,21.0,80.0,
130,2025-09-17,19:45:04,21.0,80.1,
131,2025-09-17,19:50:04,21.0,80.0,
132,2025-09-17,19:55:04,21.0,80.0,
133,2025-09-17,20:00:04,21.0,80.0,
134,2025-09-17,20:05:04,21.0,80.0,
135,2025-09-17,20:10:04,21.0,80.1,
136,2025-09-17,20:15:04,21.0,80.1,
137,2025-09-17,20:20:04,21.0,80.1,
138,2025-09-17,20:25:04,21.0,80.1,
139,2025-09-17,20:30:04,21.0,80.1,
140,2025-09-17,20:35:04,21.0,80.1,
141,2025-09-17,20:40:04,20.9,80.2,
142,2025-09-17,20:45:04,21.0,80.2,
143,2025-09-17,20:50:04,20.9,80.2,
144,2025-09-17,20:55:04,21.0,80.2,
145,2025-09-17,21:00:04,21.0,80.2,
146,2025-09-17,21:05:04,21.0,80.3,
147,2025-09-17,21:10:04,21.0,80.3,
148,2025-09-17,21:15:04,21.0,80.3,
149,2025-09-17,21:20:04,21.0,80.3,
150,2025-09-17,21:25:04,21.0,80.3,
151,2025-09-17,21:30:04,21.0,80.3,
152,2025-09-17,21:35:04,21.0,80.3,
153,2025-09-17,21:40:04,21.0,80.3,
154,2025-09-17,21:45:04,21.0,80.3,
155,2025-09-17,21:50:04,21.0,80.3,
156,2025-09-17,21:55:04,21.0,80.3,
157,2025-09-17,22:00:04,21.0,80.3,
158,2025-09-17,22:05:04,21.0,80.3,
159,2025-09-17,22:10:04,21.0,80.3,
160,2025-09-17,22:15:04,21.0,80.3,
161,2025-09-17,22:20:04,21.0,80.3,
162,2025-09-17,22:25:04,21.0,80.3,
163,2025-09-17,22:30:04,21.0,80.3,
164,2025-09-17,22:35:04,21.0,80.3,
165,2025-09-17,22:40:04,21.0,80.4,
166,2025-09-17,22:45:04,21.0,80.3,
167,2025-09-17,22:50:04,20.9,80.3,
168,2025-09-17,22:55:04,20.9,80.3,
169,2025-09-17,23:00:04,20.9,80.4,
170,2025-09-17,23:05:04,20.9,80.3,
171,2025-09-17,23:10:04,20.9,80.3,
172,2025-09-17,23:15:04,20.9,80.3,
173,2025-09-17,23:20:04,20.8,80.3,
174,2025-09-17,23:25:04,20.8,80.3,
175,2025-09-17,23:30:04,20.8,80.3,
176,2025-09-17,23:35:04,20.7,80.4,
177,2025-09-17,23:40:04,20.7,80.3,
178,2025-09-17,23:45:04,20.7,80.4,
179,2025-09-17,23:50:04,20.7,80.4,
180,2025-09-17,23:55:04,20.6,80.4,
181,2025-09-18,00:00:04,20.6,80.4,
182,2025-09-18,00:05:04,20.6,80.4,
183,2025-09-18,00:10:04,20.6,80.4,
184,2025-09-18,00:15:04,20.6,80.4,
185,2025-09-18,00:20:04,20.6,80.4,
186,2025-09-18,00:25:04,20.6,80.4,
187,2025-09-18,00:30:04,20.6,80.4,
188,2025-09-18,00:35:04,20.5,80.4,
189,2025-09-18,00:40:04,20.6,80.4,
190,2025-09-18,00:45:04,20.5,80.4,
191,2025-09-18,00:50:04,20.5,80.4,
192,2025-09-18,00:55:04,20.5,80.5,
193,2025-09-18,01:00:04,20.4,80.4,
194,2025-09-18,01:05:04,20.5,80.4,
195,2025-09-18,01:10:04,20.4,80.5,
196,2025-09-18,01:15:04,20.4,80.4,
197,2025-09-18,01:20:04,20.4,80.5,
198,2025-09-18,01:25:04,20.4,80.5,
199,2025-09-18,01:30:04,20.4,80.5,
200,2025-09-18,01:35:04,20.4,80.5,
201,2025-09-18,01:40:04,20.4,80.5,
202,2025-09-18,01:45:04,20.3,80.5,
203,2025-09-18,01:50:04,20.4,80.5,
204,2025-09-18,01:55:04,20.3,80.5,
205,2025-09-18,02:00:04,20.3,80.5,
206,2025-09-18,02:05:04,20.3,80.5,
207,2025-09-18,02:10:04,20.3,80.5,
208,2025-09-18,02:15:04,20.3,80.5,
209,2025-09-18,02:20:04,20.3,80.5,
210,2025-09-18,02:25:04,20.2,80.5,
211,2025-09-18,02:30:04,20.2,80.5,
212,2025-09-18,02:35:04,20.2,80.5,
213,2025-09-18,02:40:04,20.2,80.5,
214,2025-09-18,02:45:04,20.2,80.5,
215,2025-09-18,02:50:04,20.2,80.5,
216,2025-09-18,02:55:04,20.1,80.5,
217,2025-09-18,03:00:04,20.1,80.6,
218,2025-09-18,03:05:04,20.1,80.5,
219,2025-09-18,03:10:04,20.1,80.5,
220,2025-09-18,03:15:04,20.1,80.5,
221,2025-09-18,03:20:04,20.1,80.6,
222,2025-09-18,03:25:04,20.1,80.6,
223,2025-09-18,03:30:04,20.1,80.5,
224,2025-09-18,03:35:04,20.1,80.5,
225,2025-09-18,03:40:04,20.1,80.6,
226,2025-09-18,03:45:04,20.0,80.6,
227,2025-09-18,03:50:04,20.0,80.5,
228,2025-09-18,03:55:04,20.0,80.6,
229,2025-09-18,04:00:04,20.0,80.6,
230,2025-09-18,04:05:04,20.0,80.6,
231,2025-09-18,04:10:04,20.0,80.6,
232,2025-09-18,04:15:04,20.0,80.6,
233,2025-09-18,04:20:04,20.0,80.6,
234,2025-09-18,04:25:04,19.9,80.6,
235,2025-09-18,04:30:04,19.9,80.6,
236,2025-09-18,04:35:04,19.9,80.6,
237,2025-09-18,04:40:04,19.9,80.6,
238,2025-09-18,04:45:04,19.9,80.6,
239,2025-09-18,04:50:04,19.8,80.5,
240,2025-09-18,04:55:04,19.8,80.5,
241,2025-09-18,05:00:04,19.8,80.6,
242,2025-09-18,05:05:04,19.8,80.6,
243,2025-09-18,05:10:04,19.8,80.5,
244,2025-09-18,05:15:04,19.7,80.5,
245,2025-09-18,05:20:04,19.7,80.5,
246,2025-09-18,05:25:04,19.6,80.5,
247,2025-09-18,05:30:04,19.6,80.5,
248,2025-09-18,05:35:04,19.6,80.5,
249,2025-09-18,05:40:04,19.6,80.5,
250,2025-09-18,05:45:04,19.5,80.5,
251,2025-09-18,05:50:04,19.5,80.6,
252,2025-09-18,05:55:04,19.5,80.5,
253,2025-09-18,06:00:04,19.5,80.6,
254,2025-09-18,06:05:04,19.4,80.5,
255,2025-09-18,06:10:04,19.4,80.5,
256,2025-09-18,06:15:04,19.4,80.6,
257,2025-09-18,06:20:04,19.4,80.6,
258,2025-09-18,06:25:04,19.4,80.6,
259,2025-09-18,06:30:04,19.4,80.6,
260,2025-09-18,06:35:04,19.3,80.6,
261,2025-09-18,06:40:04,19.3,80.6,
262,2025-09-18,06:45:04,19.3,80.6,
263,2025-09-18,06:50:04,19.3,80.6,
264,2025-09-18,06:55:04,19.3,80.6,
265,2025-09-18,07:00:04,19.3,80.6,
266,2025-09-18,07:05:04,19.3,80.6,
267,2025-09-18,07:10:04,19.4,80.6,
268,2025-09-18,07:15:04,19.4,80.6,
269,2025-09-18,07:20:04,19.4,80.6,
270,2025-09-18,07:25:04,19.4,80.6,
271,2025-09-18,07:30:04,19.4,80.6,
272,2025-09-18,07:35:04,19.4,80.6,
273,2025-09-18,07:40:04,19.5,80.6,
274,2025-09-18,07:45:04,19.5,80.6,
275,2025-09-18,07:50:04,19.5,80.6,
276,2025-09-18,07:55:04,19.5,80.6,
277,2025-09-18,08:00:04,19.5,80.6,
278,2025-09-18,08:05:04,19.5,80.5,
279,2025-09-18,08:10:04,19.5,80.5,
280,2025-09-18,08:15:04,19.5,80.5,
281,2025-09-18,08:20:04,19.5,80.5,
282,2025-09-18,08:25:04,19.5,80.5,
283,2025-09-18,08:30:04,19.5,80.6,
284,2025-09-18,08:35:04,19.5,80.6,
285,2025-09-18,08:40:04,19.5,80.6,
286,2025-09-18,08:45:04,19.5,80.6,
287,2025-09-18,08:50:04,19.5,80.6,
288,2025-09-18,08:55:04,19.5,80.6,
289,2025-09-18,09:00:04,19.5,80.6,
290,2025-09-18,09:05:04,19.5,80.6,
291,2025-09-18,09:10:04,19.5,80.6,
292,2025-09-18,09:15:04,19.5,80.7,
293,2025-09-18,09:20:04,19.6,80.6,
294,2025-09-18,09:25:04,19.6,80.7,
295,2025-09-18,09:30:04,19.6,80.7,
296,2025-09-18,09:35:04,19.6,80.7,
297,2025-09-18,09:40:04,19.7,80.7,
298,2025-09-18,09:45:04,19.7,80.8,
299,2025-09-18,09:50:04,19.8,80.8,
300,2025-09-18,09:55:04,19.8,80.8,
301,2025-09-18,10:00:04,19.9,80.8,
302,2025-09-18,10:05:04,19.9,80.8,
303,2025-09-18,10:10:04,20.0,80.8,
304,2025-09-18,10:15:04,20.0,80.8,
305,2025-09-18,10:20:04,20.0,80.8,
306,2025-09-18,10:25:04,20.1,80.8,
307,2025-09-18,10:30:04,20.1,80.8,
308,2025-09-18,10:35:04,20.1,80.8,
309,2025-09-18,10:40:04,20.2,80.8,
310,2025-09-18,10:45:04,20.2,80.8,
311,2025-09-18,10:50:04,20.2,80.8,
312,2025-09-18,10:55:04,20.2,80.8,
313,2025-09-18,11:00:04,20.3,80.8,
314,2025-09-18,11:05:04,20.3,80.8,
315,2025-09-18,11:10:04,20.4,80.8,
316,2025-09-18,11:15:04,20.4,80.8,
317,2025-09-18,11:20:04,20.5,80.9,
318,2025-09-18,11:25:04,20.6,80.8,
319,2025-09-18,11:30:04,20.6,80.8,
320,2025-09-18,11:35:04,20.6,80.8,
321,2025-09-18,11:40:04,20.7,80.8,
322,2025-09-18,11:45:04,20.8,80.8,
323,2025-09-18,11:50:04,20.8,80.8,
324,2025-09-18,11:55:04,20.9,80.8,
325,2025-09-18,12:00:04,20.9,80.8,
326,2025-09-18,12:05:04,21.0,80.8,
327,2025-09-18,12:10:04,21.1,80.7,
328,2025-09-18,12:15:04,21.2,80.7,
329,2025-09-18,12:20:04,21.2,80.7,
330,2025-09-18,12:25:04,21.3,80.7,
331,2025-09-18,12:30:04,21.3,80.7,
332,2025-09-18,12:35:04,21.4,80.6,
333,2025-09-18,12:40:04,21.5,80.6,
334,2025-09-18,12:45:04,21.5,80.6,
335,2025-09-18,12:50:04,21.5,80.6,
336,2025-09-18,12:55:04,21.5,80.5,
337,2025-09-18,13:00:04,21.5,80.5,
338,2025-09-18,13:05:04,21.6,80.5,
339,2025-09-18,13:10:04,21.6,80.5,
340,2025-09-18,13:15:04,21.6,80.5,
341,2025-09-18,13:20:04,21.6,80.5,
342,2025-09-18,13:25:04,21.6,80.4,
343,2025-09-18,13:30:04,21.6,80.4,
344,2025-09-18,13:35:04,21.7,80.4,
345,2025-09-18,13:40:04,21.6,80.4,
346,2025-09-18,13:45:04,21.7,80.4,
347,2025-09-18,13:50:04,21.7,80.4,
348,2025-09-18,13:55:04,21.7,80.4,
349,2025-09-18,14:00:04,21.7,80.5,
350,2025-09-18,14:05:04,21.8,80.4,
351,2025-09-18,14:10:04,21.8,80.4,
352,2025-09-18,14:15:04,21.8,80.4,
353,2025-09-18,14:20:04,21.8,80.4,
354,2025-09-18,14:25:04,21.8,80.4,
355,2025-09-18,14:30:04,21.8,80.4,
356,2025-09-18,14:35:04,21.8,80.4,
357,2025-09-18,14:40:04,21.8,80.4,
358,2025-09-18,14:45:04,21.8,80.4,
359,2025-09-18,14:50:04,21.8,80.4,
360,2025-09-18,14:55:04,21.8,80.4,
361,2025-09-18,15:00:04,21.8,80.4,
362,2025-09-18,15:05:04,21.8,80.4,
363,2025-09-18,15:10:04,21.8,80.4,
364,2025-09-18,15:15:04,21.8,80.4,
365,2025-09-18,15:20:04,21.8,80.4,
366,2025-09-18,15:25:04,21.8,80.4,
367,2025-09-18,15:30:04,21.8,80.4,
368,2025-09-18,15:35:04,21.8,80.4,
369,2025-09-18,15:40:04,21.8,80.4,
370,2025-09-18,15:45:04,21.8,80.4,
371,2025-09-18,15:50:04,21.8,80.4,
372,2025-09-18,15:55:04,21.8,80.4,
373,2025-09-18,16:00:04,21.8,80.4,
374,2025-09-18,16:05:04,21.8,80.4,
375,2025-09-18,16:10:04,22.0,80.2,
376,2025-09-18,16:15:04,22.1,80.0,
377,2025-09-18,16:20:04,22.1,79.8,
378,2025-09-18,16:25:04,22.1,79.9,
379,2025-09-18,16:30:04,22.2,80.1,
380,2025-09-18,16:35:04,22.3,80.0,
381,2025-09-18,16:40:04,22.4,79.9,
382,2025-09-18,16:45:04,22.4,79.7,
383,2025-09-18,16:50:04,22.4,79.5,
384,2025-09-18,16:55:04,22.3,79.5,
385,2025-09-18,17:00:04,22.2,79.4,
386,2025-09-18,17:05:04,22.2,79.5,
387,2025-09-18,17:10:04,22.1,79.4,
388,2025-09-18,17:15:04,22.1,79.4,
389,2025-09-18,17:20:04,22.0,79.3,
390,2025-09-18,17:25:04,21.9,79.1,
391,2025-09-18,17:30:04,21.9,79.2,
392,2025-09-18,17:35:04,21.8,79.1,
393,2025-09-18,17:40:04,21.7,79.1,
394,2025-09-18,17:45:04,21.6,79.1,
395,2025-09-18,17:50:04,21.5,79.1,
396,2025-09-18,17:55:04,21.4,79.1,
397,2025-09-18,18:00:04,21.3,79.1,
398,2025-09-18,18:05:04,21.2,79.2,
399,2025-09-18,18:10:04,21.1,79.1,
400,2025-09-18,18:15:04,21.1,78.9,
401,2025-09-18,18:20:04,21.1,79.2,
402,2025-09-18,18:25:04,21.1,79.3,
403,2025-09-18,18:30:04,21.1,79.3,
404,2025-09-18,18:35:04,21.1,79.3,
405,2025-09-18,18:40:04,21.1,79.6,
406,2025-09-18,18:45:04,21.1,79.6,
407,2025-09-18,18:50:04,21.2,79.7,
408,2025-09-18,18:55:04,21.2,79.6,
409,2025-09-18,19:00:04,21.0,79.9,
410,2025-09-18,19:05:04,21.0,80.0,
411,2025-09-18,19:10:04,20.9,80.2,
412,2025-09-18,19:15:04,21.0,80.2,
413,2025-09-18,19:20:04,21.0,80.2,
414,2025-09-18,19:25:04,21.0,80.3,
415,2025-09-18,19:30:04,21.0,80.3,
416,2025-09-18,19:35:04,21.0,80.3,
417,2025-09-18,19:40:04,21.1,80.4,
418,2025-09-18,19:45:04,21.1,80.4,
419,2025-09-18,19:50:04,21.1,80.4,
420,2025-09-18,19:55:04,21.1,80.4,
421,2025-09-18,20:00:04,21.1,80.4,
422,2025-09-18,20:05:04,21.1,80.4,
423,2025-09-18,20:10:04,21.1,80.4,
424,2025-09-18,20:15:04,21.1,80.5,
425,2025-09-18,20:20:04,21.1,80.5,
426,2025-09-18,20:25:04,21.1,80.5,
427,2025-09-18,20:30:04,21.1,80.5,
428,2025-09-18,20:35:04,21.1,80.5,
429,2025-09-18,20:40:04,21.1,80.5,
430,2025-09-18,20:45:04,21.1,80.5,
431,2025-09-18,20:50:04,21.1,80.5,
432,2025-09-18,20:55:04,21.1,80.6,
433,2025-09-18,21:00:04,21.1,80.6,
434,2025-09-18,21:05:04,21.1,80.5,
435,2025-09-18,21:10:04,21.1,80.6,
436,2025-09-18,21:15:04,21.1,80.6,
437,2025-09-18,21:20:04,21.1,80.6,
438,2025-09-18,21:25:04,21.1,80.7,
439,2025-09-18,21:30:04,21.1,80.7,
440,2025-09-18,21:35:04,21.0,80.7,
441,2025-09-18,21:40:04,21.1,80.7,
442,2025-09-18,21:45:04,21.0,80.6,
443,2025-09-18,21:50:04,21.0,80.6,
444,2025-09-18,21:55:04,21.0,80.6,
445,2025-09-18,22:00:04,21.0,80.7,
446,2025-09-18,22:05:04,20.9,80.7,
447,2025-09-18,22:10:04,20.9,80.7,
448,2025-09-18,22:15:04,20.9,80.7,
449,2025-09-18,22:20:04,20.9,80.7,
450,2025-09-18,22:25:04,20.9,80.7,
451,2025-09-18,22:30:04,20.9,80.7,
452,2025-09-18,22:35:04,20.9,80.7,
453,2025-09-18,22:40:04,20.9,80.8,
454,2025-09-18,22:45:04,20.8,80.7,
455,2025-09-18,22:50:04,20.8,80.8,
456,2025-09-18,22:55:04,20.8,80.8,
457,2025-09-18,23:00:04,20.8,80.8,
458,2025-09-18,23:05:04,20.8,80.8,
459,2025-09-18,23:10:04,20.7,80.8,
460,2025-09-18,23:15:04,20.8,80.8,
461,2025-09-18,23:20:04,20.7,80.8,
462,2025-09-18,23:25:04,20.7,80.9,
463,2025-09-18,23:30:04,20.7,80.9,
464,2025-09-18,23:35:04,20.6,80.9,
465,2025-09-18,23:40:04,20.6,80.9,
466,2025-09-18,23:45:04,20.6,80.9,
467,2025-09-18,23:50:04,20.6,80.9,
468,2025-09-18,23:55:04,20.6,80.9,
469,2025-09-19,00:00:04,20.6,80.9,
470,2025-09-19,00:05:04,20.5,80.9,
471,2025-09-19,00:10:04,20.5,80.9,
472,2025-09-19,00:15:04,20.5,80.9,
473,2025-09-19,00:20:04,20.5,81.0,
474,2025-09-19,00:25:04,20.5,81.0,
475,2025-09-19,00:30:04,20.4,81.0,
476,2025-09-19,00:35:04,20.4,81.0,
477,2025-09-19,00:40:04,20.4,81.0,
478,2025-09-19,00:45:04,20.4,81.0,
479,2025-09-19,00:50:04,20.4,81.0,
480,2025-09-19,00:55:04,20.3,81.0,
481,2025-09-19,01:00:04,20.3,81.0,
482,2025-09-19,01:05:04,20.3,81.1,
483,2025-09-19,01:10:04,20.3,81.1,
484,2025-09-19,01:15:04,20.3,81.1,
485,2025-09-19,01:20:04,20.3,81.1,
486,2025-09-19,01:25:04,20.2,81.1,
487,2025-09-19,01:30:04,20.2,81.1,
488,2025-09-19,01:35:04,20.2,81.1,
489,2025-09-19,01:40:04,20.2,81.1,
490,2025-09-19,01:45:04,20.2,81.1,
491,2025-09-19,01:50:04,20.1,81.2,
492,2025-09-19,01:55:04,20.2,81.2,
493,2025-09-19,02:00:04,20.1,81.2,
494,2025-09-19,02:05:04,20.1,81.2,
495,2025-09-19,02:10:04,20.1,81.2,
496,2025-09-19,02:15:04,20.1,81.2,
497,2025-09-19,02:20:04,20.1,81.2,
498,2025-09-19,02:25:04,20.1,81.3,
499,2025-09-19,02:30:04,20.1,81.3,
500,2025-09-19,02:35:04,20.1,81.3,
501,2025-09-19,02:40:04,20.1,81.3,
502,2025-09-19,02:45:04,20.1,81.3,
503,2025-09-19,02:50:04,20.0,81.3,
504,2025-09-19,02:55:04,20.0,81.3,
505,2025-09-19,03:00:04,20.0,81.3,
506,2025-09-19,03:05:04,20.0,81.3,
507,2025-09-19,03:10:04,20.0,81.3,
508,2025-09-19,03:15:04,20.0,81.4,
509,2025-09-19,03:20:04,20.0,81.3,
510,2025-09-19,03:25:04,20.0,81.3,
511,2025-09-19,03:30:04,20.0,81.4,
512,2025-09-19,03:35:04,19.9,81.4,
513,2025-09-19,03:40:04,20.0,81.4,
514,2025-09-19,03:45:04,19.9,81.4,
515,2025-09-19,03:50:04,19.9,81.4,
516,2025-09-19,03:55:04,19.9,81.4,
517,2025-09-19,04:00:04,19.9,81.4,
518,2025-09-19,04:05:04,19.9,81.4,
519,2025-09-19,04:10:04,19.8,81.4,
520,2025-09-19,04:15:04,19.8,81.4,
521,2025-09-19,04:20:04,19.8,81.4,
522,2025-09-19,04:25:04,19.8,81.5,
523,2025-09-19,04:30:04,19.8,81.4,
524,2025-09-19,04:35:04,19.8,81.4,
525,2025-09-19,04:40:04,19.8,81.4,
526,2025-09-19,04:45:04,19.8,81.4,
527,2025-09-19,04:50:04,19.8,81.4,
528,2025-09-19,04:55:04,19.7,81.5,
529,2025-09-19,05:00:04,19.7,81.5,
530,2025-09-19,05:05:04,19.7,81.5,
531,2025-09-19,05:10:04,19.7,81.5,
532,2025-09-19,05:15:04,19.7,81.5,
533,2025-09-19,05:20:04,19.7,81.5,
534,2025-09-19,05:25:04,19.7,81.5,
535,2025-09-19,05:30:04,19.7,81.5,
536,2025-09-19,05:35:04,19.6,81.5,
537,2025-09-19,05:40:04,19.6,81.5,
538,2025-09-19,05:45:04,19.6,81.5,
539,2025-09-19,05:50:04,19.6,81.5,
540,2025-09-19,05:55:04,19.6,81.6,
541,2025-09-19,06:00:04,19.6,81.5,
542,2025-09-19,06:05:04,19.6,81.6,
543,2025-09-19,06:10:04,19.6,81.6,
544,2025-09-19,06:15:04,19.5,81.6,
545,2025-09-19,06:20:04,19.5,81.6,
546,2025-09-19,06:25:04,19.5,81.6,
547,2025-09-19,06:30:04,19.5,81.6,
548,2025-09-19,06:35:04,19.5,81.7,
549,2025-09-19,06:40:04,19.5,81.7,
550,2025-09-19,06:45:04,19.5,81.7,
551,2025-09-19,06:50:04,19.5,81.7,
552,2025-09-19,06:55:04,19.5,81.7,
553,2025-09-19,07:00:04,19.5,81.7,
554,2025-09-19,07:05:04,19.5,81.7,
555,2025-09-19,07:10:04,19.5,81.7,
556,2025-09-19,07:15:04,19.5,81.7,
557,2025-09-19,07:20:04,19.5,81.7,
558,2025-09-19,07:25:04,19.5,81.7,
559,2025-09-19,07:30:04,19.5,81.8,
560,2025-09-19,07:35:04,19.5,81.7,
561,2025-09-19,07:40:04,19.5,81.8,
562,2025-09-19,07:45:04,19.5,81.8,
563,2025-09-19,07:50:04,20.3,81.4,
564,2025-09-19,07:55:04,20.0,81.0,
565,2025-09-19,08:00:04,19.7,81.0,
566,2025-09-19,08:05:04,19.5,81.1,
567,2025-09-19,08:10:04,19.4,81.1,
568,2025-09-19,08:15:04,19.2,81.2,
569,2025-09-19,08:20:04,19.1,81.2,
570,2025-09-19,08:25:04,19.0,81.5,
571,2025-09-19,08:30:04,19.0,81.5,
572,2025-09-19,08:35:04,18.9,81.5,
573,2025-09-19,08:40:04,18.9,81.6,
574,2025-09-19,08:45:04,18.8,81.5,
575,2025-09-19,08:50:04,18.7,81.6,
576,2025-09-19,08:55:04,18.6,81.7,
577,2025-09-19,09:00:04,18.6,81.8,
578,2025-09-19,09:05:04,18.5,81.8,
579,2025-09-19,09:10:04,18.5,81.9,
580,2025-09-19,09:15:04,18.4,81.9,
581,2025-09-19,09:20:04,18.3,82.0,
582,2025-09-19,09:25:04,18.3,82.4,
583,2025-09-19,09:30:04,19.3,82.8,
584,2025-09-19,09:35:04,19.8,83.0,
585,2025-09-19,09:40:04,20.9,83.3,
586,2025-09-19,09:45:04,21.2,81.8,
587,2025-09-19,09:50:04,21.2,82.3,
588,2025-09-19,09:55:04,20.1,82.0,
589,2025-09-19,10:00:04,19.3,82.0,
590,2025-09-19,10:05:04,18.8,82.3,
591,2025-09-19,10:10:04,18.7,82.7,
592,2025-09-19,10:15:04,18.7,82.9,
593,2025-09-19,10:20:04,18.7,83.1,
594,2025-09-19,10:25:04,18.7,82.9,
595,2025-09-19,10:30:04,18.7,82.9,
596,2025-09-19,10:35:04,18.7,83.0,
597,2025-09-19,10:40:04,18.8,83.2,
598,2025-09-19,10:45:04,19.0,83.1,
599,2025-09-19,10:50:04,19.0,83.1,
600,2025-09-19,10:55:04,19.0,82.9,
601,2025-09-19,11:00:04,19.0,82.8,
602,2025-09-19,11:05:04,18.9,82.8,
603,2025-09-19,11:10:04,19.0,82.8,
604,2025-09-19,11:15:04,19.0,82.8,
605,2025-09-19,11:20:04,19.0,82.9,
606,2025-09-19,11:25:04,18.9,82.8,
607,2025-09-19,11:30:04,19.0,82.9,
608,2025-09-19,11:35:04,19.1,82.9,
609,2025-09-19,11:40:04,19.3,82.7,
610,2025-09-19,11:45:04,19.6,82.6,
611,2025-09-19,11:50:04,19.7,82.4,
612,2025-09-19,11:55:04,19.9,82.2,
613,2025-09-19,12:00:04,19.8,82.2,
614,2025-09-19,12:05:04,19.7,82.2,
615,2025-09-19,12:10:04,19.8,82.4,
616,2025-09-19,12:15:04,19.9,82.2,
617,2025-09-19,12:20:04,20.0,82.2,
618,2025-09-19,12:25:04,20.1,82.3,
619,2025-09-19,12:30:04,20.5,82.2,
620,2025-09-19,12:35:04,20.6,82.1,
621,2025-09-19,12:40:04,21.1,82.1,
622,2025-09-19,12:45:04,21.7,81.9,
623,2025-09-19,12:50:04,21.9,81.5,
624,2025-09-19,12:55:04,22.1,81.5,
625,2025-09-19,13:00:04,22.6,81.3,
626,2025-09-19,13:05:04,22.5,80.8,
627,2025-09-19,13:10:04,22.3,80.8,
628,2025-09-19,13:15:04,21.9,80.8,
629,2025-09-19,13:20:04,21.6,81.1,
630,2025-09-19,13:25:04,21.2,81.1,
631,2025-09-19,13:30:04,20.9,81.3,
632,2025-09-19,13:35:04,20.8,81.5,
633,2025-09-19,13:40:04,20.6,81.7,
634,2025-09-19,13:45:04,20.4,81.8,
635,2025-09-19,13:50:04,20.4,82.0,
636,2025-09-19,13:55:04,20.4,82.0,
637,2025-09-19,14:00:04,20.5,82.1,
638,2025-09-19,14:05:04,20.6,82.2,
639,2025-09-19,14:10:04,20.8,82.1,
640,2025-09-19,14:15:04,20.9,82.0,
641,2025-09-19,14:20:04,21.1,81.9,
642,2025-09-19,14:25:04,21.1,81.8,
643,2025-09-19,14:30:04,21.2,81.8,
644,2025-09-19,14:35:04,21.5,82.0,
645,2025-09-19,14:40:04,21.5,81.7,
646,2025-09-19,14:45:04,21.4,81.7,
647,2025-09-19,14:50:04,20.9,81.7,
648,2025-09-19,14:55:04,20.3,82.1,
649,2025-09-19,15:00:04,19.8,82.4,
650,2025-09-19,15:05:04,19.5,82.7,
651,2025-09-19,15:10:04,19.2,83.2,
652,2025-09-19,15:15:04,19.1,83.5,
653,2025-09-19,15:20:04,19.0,83.7,
654,2025-09-19,15:25:04,19.0,83.8,
655,2025-09-19,15:30:04,18.9,84.0,
656,2025-09-19,15:35:04,18.8,84.3,
657,2025-09-19,15:40:04,18.7,84.4,
658,2025-09-19,15:45:04,18.6,84.5,
659,2025-09-19,15:50:04,18.5,84.7,
660,2025-09-19,15:55:04,18.5,84.8,
661,2025-09-19,16:00:04,18.3,84.8,
662,2025-09-19,16:05:04,18.0,85.2,
663,2025-09-19,16:10:04,17.9,85.5,
664,2025-09-19,16:15:04,17.9,85.7,
665,2025-09-19,16:20:04,17.8,85.7,
666,2025-09-19,16:25:04,17.8,86.0,
667,2025-09-19,16:30:04,17.8,86.0,
668,2025-09-19,16:35:04,17.7,86.1,
669,2025-09-19,16:40:04,17.5,86.1,
670,2025-09-19,16:45:04,17.5,86.3,
671,2025-09-19,16:50:04,17.4,86.5,
672,2025-09-19,16:55:04,17.4,86.4,
673,2025-09-19,17:00:04,17.4,86.6,
674,2025-09-19,17:05:04,17.3,86.6,
675,2025-09-19,17:10:04,17.2,86.7,
676,2025-09-19,17:15:04,17.2,86.8,
677,2025-09-19,17:20:04,17.3,86.9,
678,2025-09-19,17:25:04,17.3,86.9,
679,2025-09-19,17:30:04,17.3,86.9,
680,2025-09-19,17:35:04,17.3,86.9,
681,2025-09-19,17:40:04,17.3,87.0,
682,2025-09-19,17:45:04,17.3,87.1,
683,2025-09-19,17:50:04,17.3,87.1,
684,2025-09-19,17:55:04,17.3,87.1,
685,2025-09-19,18:00:04,17.4,87.2,
686,2025-09-19,18:05:04,17.4,87.2,
687,2025-09-19,18:10:04,17.4,87.3,
688,2025-09-19,18:15:04,17.3,87.3,
689,2025-09-19,18:20:04,17.3,87.3,
690,2025-09-19,18:25:04,17.2,87.4,
691,2025-09-19,18:30:04,17.2,87.4,
692,2025-09-19,18:35:04,17.2,87.5,
693,2025-09-19,18:40:04,17.3,87.5,
694,2025-09-19,18:45:04,17.2,87.5,
695,2025-09-19,18:50:04,17.2,87.6,
696,2025-09-19,18:55:04,17.2,87.6,
697,2025-09-19,19:00:04,17.3,87.6,
698,2025-09-19,19:05:04,17.4,87.7,
699,2025-09-19,19:10:04,17.4,87.7,
700,2025-09-19,19:15:04,17.5,87.7,
701,2025-09-19,19:20:04,17.5,87.7,
702,2025-09-19,19:25:04,17.5,87.7,
703,2025-09-19,19:30:04,17.5,87.8,
704,2025-09-19,19:35:04,17.6,87.8,
705,2025-09-19,19:40:04,17.5,87.7,
706,2025-09-19,19:45:04,17.5,87.8,
707,2025-09-19,19:50:04,17.4,87.9,
708,2025-09-19,19:55:04,17.4,87.9,
709,2025-09-19,20:00:04,17.4,87.9,
710,2025-09-19,20:05:04,17.4,87.9,
711,2025-09-19,20:10:04,17.4,88.0,
712,2025-09-19,20:15:04,17.4,88.0,
713,2025-09-19,20:20:04,17.4,88.0,
714,2025-09-19,20:25:04,17.4,88.0,
715,2025-09-19,20:30:04,17.4,88.1,
716,2025-09-19,20:35:04,17.4,88.1,
717,2025-09-19,20:40:04,17.4,88.1,
718,2025-09-19,20:45:04,17.3,88.2,
719,2025-09-19,20:50:04,17.2,88.1,
720,2025-09-19,20:55:04,17.2,88.2,
721,2025-09-19,21:00:04,17.2,88.2,
722,2025-09-19,21:05:04,17.2,88.3,
723,2025-09-19,21:10:04,17.2,88.3,
724,2025-09-19,21:15:04,17.2,88.3,
725,2025-09-19,21:20:04,17.2,88.3,
726,2025-09-19,21:25:04,17.2,88.3,
727,2025-09-19,21:30:04,17.1,88.4,
728,2025-09-19,21:35:04,17.2,88.4,
729,2025-09-19,21:40:04,17.2,88.4,
730,2025-09-19,21:45:04,17.1,88.4,
731,2025-09-19,21:50:04,17.1,88.4,
732,2025-09-19,21:55:04,17.1,88.5,
733,2025-09-19,22:00:04,17.1,88.5,
734,2025-09-19,22:05:04,17.1,88.5,
735,2025-09-19,22:10:04,17.1,88.5,
736,2025-09-19,22:15:04,17.1,88.6,
737,2025-09-19,22:20:04,17.1,88.5,
738,2025-09-19,22:25:04,17.1,88.6,
739,2025-09-19,22:30:04,17.1,88.6,
740,2025-09-19,22:35:04,17.1,88.6,
741,2025-09-19,22:40:04,17.1,88.6,
742,2025-09-19,22:45:04,17.1,88.6,
743,2025-09-19,22:50:04,17.1,88.7,
744,2025-09-19,22:55:04,17.0,88.7,
745,2025-09-19,23:00:04,17.0,88.7,
746,2025-09-19,23:05:04,17.0,88.8,
747,2025-09-19,23:10:04,17.1,88.8,
748,2025-09-19,23:15:04,17.0,88.8,
749,2025-09-19,23:20:04,17.1,88.8,
750,2025-09-19,23:25:04,17.1,88.8,
751,2025-09-19,23:30:04,17.1,88.8,
752,2025-09-19,23:35:04,17.1,88.8,
753,2025-09-19,23:40:04,17.1,88.8,
754,2025-09-19,23:45:04,17.1,88.9,
755,2025-09-19,23:50:04,17.0,88.9,
756,2025-09-19,23:55:04,17.0,89.0,
757,2025-09-20,00:00:04,17.0,88.9,
758,2025-09-20,00:05:04,17.1,89.0,
759,2025-09-20,00:10:04,17.0,89.0,
760,2025-09-20,00:15:04,17.0,89.0,
761,2025-09-20,00:20:04,17.0,89.0,
762,2025-09-20,00:25:04,17.0,89.0,
763,2025-09-20,00:30:04,17.0,89.1,
764,2025-09-20,00:35:04,17.0,89.0,
765,2025-09-20,00:40:04,17.0,89.0,
766,2025-09-20,00:45:04,17.0,89.1,
767,2025-09-20,00:50:04,17.0,89.1,
768,2025-09-20,00:55:04,17.0,89.1,
769,2025-09-20,01:00:04,16.9,89.1,
770,2025-09-20,01:05:04,16.9,89.2,
771,2025-09-20,01:10:04,16.9,89.1,
772,2025-09-20,01:15:04,16.9,89.2,
773,2025-09-20,01:20:04,16.9,89.2,
774,2025-09-20,01:25:04,16.9,89.2,
775,2025-09-20,01:30:04,16.9,89.2,
776,2025-09-20,01:35:04,16.9,89.2,
777,2025-09-20,01:40:04,16.9,89.2,
778,2025-09-20,01:45:04,16.9,89.3,
779,2025-09-20,01:50:04,16.9,89.3,
780,2025-09-20,01:55:04,16.9,89.3,
781,2025-09-20,02:00:04,16.8,89.3,
782,2025-09-20,02:05:04,16.8,89.3,
783,2025-09-20,02:10:04,16.8,89.4,
784,2025-09-20,02:15:04,16.9,89.4,
785,2025-09-20,02:20:04,16.9,89.3,
786,2025-09-20,02:25:04,16.8,89.4,
787,2025-09-20,02:30:04,16.9,89.4,
788,2025-09-20,02:35:04,16.8,89.4,
789,2025-09-20,02:40:04,16.9,89.4,
790,2025-09-20,02:45:04,16.8,89.4,
791,2025-09-20,02:50:04,16.8,89.4,
792,2025-09-20,02:55:04,16.6,89.4,
793,2025-09-20,03:00:04,16.6,89.5,
794,2025-09-20,03:05:04,16.6,89.5,
795,2025-09-20,03:10:04,16.7,89.6,
796,2025-09-20,03:15:04,16.7,89.5,
797,2025-09-20,03:20:04,16.7,89.6,
798,2025-09-20,03:25:04,16.6,89.5,
799,2025-09-20,03:30:04,16.6,89.6,
800,2025-09-20,03:35:04,16.6,89.6,
801,2025-09-20,03:40:04,16.5,89.6,
802,2025-09-20,03:45:04,16.5,89.7,
803,2025-09-20,03:50:04,16.4,89.6,
804,2025-09-20,03:55:04,16.4,89.7,
805,2025-09-20,04:00:04,16.4,89.7,
806,2025-09-20,04:05:04,16.4,89.7,
807,2025-09-20,04:10:04,16.3,89.7,
808,2025-09-20,04:15:04,16.3,89.8,
809,2025-09-20,04:20:04,16.3,89.8,
810,2025-09-20,04:25:04,16.2,89.8,
811,2025-09-20,04:30:04,16.3,89.8,
812,2025-09-20,04:35:04,16.3,89.8,
813,2025-09-20,04:40:04,16.3,89.8,
814,2025-09-20,04:45:04,16.3,89.8,
815,2025-09-20,04:50:04,16.3,89.8,
816,2025-09-20,04:55:04,16.2,89.9,
817,2025-09-20,05:00:04,16.3,89.9,
818,2025-09-20,05:05:04,16.3,90.0,
819,2025-09-20,05:10:04,16.3,89.9,
820,2025-09-20,05:15:04,16.3,89.9,
821,2025-09-20,05:20:04,16.3,89.9,
822,2025-09-20,05:25:04,16.4,89.9,
823,2025-09-20,05:30:04,16.4,89.9,
824,2025-09-20,05:35:04,16.3,89.9,
825,2025-09-20,05:40:04,16.3,89.9,
826,2025-09-20,05:45:04,16.3,89.9,
827,2025-09-20,05:50:04,16.3,90.0,
828,2025-09-20,05:55:04,16.3,89.9,
829,2025-09-20,06:00:04,16.3,89.9,
830,2025-09-20,06:05:04,16.3,90.0,
831,2025-09-20,06:10:04,16.3,90.0,
832,2025-09-20,06:15:04,16.3,90.0,
833,2025-09-20,06:20:04,16.3,90.0,
834,2025-09-20,06:25:04,16.2,90.0,
835,2025-09-20,06:30:04,16.3,90.0,
836,2025-09-20,06:35:04,16.4,90.1,
837,2025-09-20,06:40:04,16.3,90.0,
838,2025-09-20,06:45:04,16.3,90.1,
839,2025-09-20,06:50:04,16.4,90.1,
840,2025-09-20,06:55:04,16.4,90.1,
841,2025-09-20,07:00:04,16.5,90.1,
842,2025-09-20,07:05:04,16.5,90.1,
843,2025-09-20,07:10:04,16.5,90.0,
844,2025-09-20,07:15:04,16.4,90.1,
845,2025-09-20,07:20:04,16.5,90.1,
846,2025-09-20,07:25:04,16.5,90.1,
847,2025-09-20,07:30:04,16.6,90.2,
848,2025-09-20,07:35:04,16.7,90.1,
849,2025-09-20,07:40:04,16.7,90.1,
850,2025-09-20,07:45:04,16.8,90.1,
851,2025-09-20,07:50:04,16.8,90.2,
852,2025-09-20,07:55:04,16.9,90.1,
853,2025-09-20,08:00:04,17.0,90.1,
854,2025-09-20,08:05:04,16.9,90.1,
855,2025-09-20,08:10:04,16.9,90.1,
856,2025-09-20,08:15:04,16.9,90.1,
857,2025-09-20,08:20:04,17.0,90.2,
858,2025-09-20,08:25:04,17.0,90.1,
859,2025-09-20,08:30:04,17.0,90.1,
860,2025-09-20,08:35:04,17.0,90.2,
861,2025-09-20,08:40:04,17.1,90.1,
862,2025-09-20,08:45:04,17.1,90.1,
863,2025-09-20,08:50:04,17.2,90.1,
864,2025-09-20,08:55:04,17.2,90.2,
865,2025-09-20,09:00:04,17.2,90.2,
866,2025-09-20,09:05:04,17.3,90.1,
867,2025-09-20,09:10:04,17.3,90.2,
868,2025-09-20,09:15:04,17.4,90.2,
869,2025-09-20,09:20:04,17.5,90.2,
870,2025-09-20,09:25:04,17.5,90.2,
871,2025-09-20,09:30:04,17.6,90.2,
872,2025-09-20,09:35:04,17.7,90.0,
873,2025-09-20,09:40:04,17.6,90.2,
874,2025-09-20,09:45:04,17.6,90.2,
875,2025-09-20,09:50:04,17.7,90.1,
876,2025-09-20,09:55:04,17.7,90.2,
877,2025-09-20,10:00:04,17.7,90.2,
878,2025-09-20,10:05:04,17.9,90.2,
879,2025-09-20,10:10:04,17.8,90.1,
880,2025-09-20,10:15:04,17.8,90.3,
881,2025-09-20,10:20:04,17.9,90.4,
882,2025-09-20,10:25:04,18.0,90.1,
883,2025-09-20,10:30:04,18.2,90.3,
884,2025-09-20,10:35:04,18.3,90.1,
885,2025-09-20,10:40:04,18.4,90.0,
886,2025-09-20,10:45:04,18.5,90.2,
887,2025-09-20,10:50:04,18.7,89.7,
888,2025-09-20,10:55:04,18.9,89.7,
889,2025-09-20,11:00:04,19.0,89.6,
890,2025-09-20,11:05:04,19.3,89.7,
891,2025-09-20,11:10:04,19.5,89.7,
892,2025-09-20,11:15:04,19.5,89.4,
893,2025-09-20,11:20:04,19.6,89.5,
894,2025-09-20,11:25:04,19.8,89.3,
895,2025-09-20,11:30:04,19.9,89.5,
896,2025-09-20,11:35:04,19.9,89.3,
897,2025-09-20,11:40:04,19.9,89.4,
898,2025-09-20,11:45:04,20.1,89.2,
899,2025-09-20,11:50:04,20.2,89.4,
900,2025-09-20,11:55:04,20.5,89.0,
901,2025-09-20,12:00:04,20.5,88.7,
902,2025-09-20,12:05:04,20.5,88.7,
903,2025-09-20,12:10:04,20.6,88.7,
904,2025-09-20,12:15:04,20.8,88.6,
905,2025-09-20,12:20:04,20.6,88.6,
906,2025-09-20,12:25:04,20.6,88.3,
907,2025-09-20,12:30:04,20.6,88.5,
908,2025-09-20,12:35:04,20.6,88.4,
909,2025-09-20,12:40:04,20.5,88.2,
910,2025-09-20,12:45:04,20.5,88.3,
911,2025-09-20,12:50:04,20.9,88.7,
912,2025-09-20,12:55:04,21.3,88.2,
913,2025-09-20,13:00:04,21.3,88.0,
914,2025-09-20,13:05:04,21.4,87.8,
915,2025-09-20,13:10:04,21.5,87.8,
916,2025-09-20,13:15:04,21.3,87.4,
917,2025-09-20,13:20:04,20.9,87.4,
918,2025-09-20,13:25:04,20.6,87.6,
919,2025-09-20,13:30:04,20.5,87.7,
920,2025-09-20,13:35:04,20.6,88.0,
921,2025-09-20,13:40:04,20.9,88.0,
922,2025-09-20,13:45:04,21.5,87.9,
923,2025-09-20,13:50:04,21.7,87.8,
924,2025-09-20,13:55:04,21.5,87.5,
925,2025-09-20,14:00:04,21.2,87.5,
926,2025-09-20,14:05:04,20.9,87.6,
927,2025-09-20,14:10:04,20.6,87.6,
928,2025-09-20,14:15:04,20.4,87.7,
929,2025-09-20,14:20:04,20.2,87.8,
930,2025-09-20,14:25:04,20.1,87.8,
931,2025-09-20,14:30:04,20.0,87.9,
932,2025-09-20,14:35:04,19.9,87.9,
933,2025-09-20,14:40:04,19.8,88.0,
934,2025-09-20,14:45:04,19.7,88.1,
935,2025-09-20,14:50:04,19.5,88.1,
936,2025-09-20,14:55:04,19.3,88.1,
937,2025-09-20,15:00:04,19.2,88.2,
938,2025-09-20,15:05:04,19.1,88.3,
939,2025-09-20,15:10:04,19.0,88.3,
940,2025-09-20,15:15:04,18.9,88.2,
941,2025-09-20,15:20:04,18.7,88.5,
942,2025-09-20,15:25:04,18.7,88.7,
943,2025-09-20,15:30:04,18.8,88.9,
944,2025-09-20,15:35:04,18.8,88.9,
945,2025-09-20,15:40:04,18.7,88.9,
946,2025-09-20,15:45:04,18.7,89.0,
947,2025-09-20,15:50:04,18.7,89.0,
948,2025-09-20,15:55:04,18.5,89.1,
949,2025-09-20,16:00:04,18.4,89.3,
950,2025-09-20,16:05:04,18.4,89.3,
951,2025-09-20,16:10:04,18.4,89.4,
952,2025-09-20,16:15:04,18.4,89.4,
953,2025-09-20,16:20:04,18.3,89.4,
954,2025-09-20,16:25:04,18.3,89.5,
955,2025-09-20,16:30:04,18.3,89.5,
956,2025-09-20,16:35:04,18.3,89.6,
957,2025-09-20,16:40:04,18.2,89.6,
958,2025-09-20,16:45:04,18.2,89.7,
959,2025-09-20,16:50:04,18.1,89.7,
960,2025-09-20,16:55:04,18.2,89.7,
961,2025-09-20,17:00:04,18.2,89.8,
962,2025-09-20,17:05:04,18.2,89.8,
963,2025-09-20,17:10:04,18.2,89.8,
964,2025-09-20,17:15:04,18.2,89.8,
965,2025-09-20,17:20:04,18.2,89.8,
966,2025-09-20,17:25:04,18.1,89.8,
967,2025-09-20,17:30:04,18.1,89.8,
968,2025-09-20,17:35:04,18.1,89.8,
969,2025-09-20,17:40:04,18.0,89.9,
970,2025-09-20,17:45:04,18.0,89.9,
971,2025-09-20,17:50:04,17.8,89.9,
972,2025-09-20,17:55:04,17.7,89.9,
973,2025-09-20,18:00:04,17.6,90.0,
974,2025-09-20,18:05:04,17.6,90.1,
975,2025-09-20,18:10:04,17.6,90.1,
976,2025-09-20,18:15:04,17.6,90.1,
977,2025-09-20,18:20:04,17.6,90.1,
978,2025-09-20,18:25:04,17.7,90.2,
979,2025-09-20,18:30:04,17.8,90.2,
980,2025-09-20,18:35:04,17.8,90.2,
981,2025-09-20,18:40:04,17.9,90.2,
982,2025-09-20,18:45:04,17.9,90.2,
983,2025-09-20,18:50:04,17.9,90.2,
984,2025-09-20,18:55:04,18.0,90.2,
985,2025-09-20,19:00:04,18.0,90.3,
986,2025-09-20,19:05:04,18.0,90.3,
987,2025-09-20,19:10:04,18.1,90.3,
988,2025-09-20,19:15:04,18.1,90.3,
989,2025-09-20,19:20:04,18.1,90.3,
990,2025-09-20,19:25:04,18.1,90.3,
991,2025-09-20,19:30:04,18.1,90.3,
992,2025-09-20,19:35:04,18.1,90.3,
993,2025-09-20,19:40:04,18.1,90.3,
994,2025-09-20,19:45:04,18.1,90.4,
995,2025-09-20,19:50:04,18.1,90.3,
996,2025-09-20,19:55:04,18.0,90.3,
997,2025-09-20,20:00:04,18.1,90.4,
998,2025-09-20,20:05:04,18.1,90.4,
999,2025-09-20,20:10:04,18.1,90.4,
1000,2025-09-20,20:15:04,18.1,90.4,
1001,2025-09-20,20:20:04,18.1,90.4,
1002,2025-09-20,20:25:04,18.0,90.5,
1003,2025-09-20,20:30:04,18.0,90.5,
1004,2025-09-20,20:35:04,18.1,90.5,
1005,2025-09-20,20:40:04,18.0,90.5,
1006,2025-09-20,20:45:04,18.0,90.5,
1007,2025-09-20,20:50:04,18.0,90.5,
1008,2025-09-20,20:55:04,18.0,90.5,
1009,2025-09-20,21:00:04,18.0,90.6,
1010,2025-09-20,21:05:04,18.0,90.6,
1011,2025-09-20,21:10:04,18.0,90.5,
1012,2025-09-20,21:15:04,17.9,90.6,
1013,2025-09-20,21:20:04,17.9,90.6,
1014,2025-09-20,21:25:04,17.9,90.6,
1015,2025-09-20,21:30:04,17.9,90.6,
1016,2025-09-20,21:35:04,17.9,90.6,
1017,2025-09-20,21:40:04,17.9,90.6,
1018,2025-09-20,21:45:04,17.8,90.6,
1019,2025-09-20,21:50:04,17.8,90.7,
1020,2025-09-20,21:55:04,17.9,90.7,
1021,2025-09-20,22:00:04,17.8,90.7,
1022,2025-09-20,22:05:04,17.9,90.7,
1023,2025-09-20,22:10:04,17.8,90.6,
1024,2025-09-20,22:15:04,17.6,90.6,
1025,2025-09-20,22:20:04,17.5,90.7,
1026,2025-09-20,22:25:04,17.4,90.7,
1027,2025-09-20,22:30:04,17.4,90.8,
1028,2025-09-20,22:35:04,17.4,90.9,
1029,2025-09-20,22:40:04,17.4,90.9,
1030,2025-09-20,22:45:04,17.4,90.8,
1031,2025-09-20,22:50:04,17.4,90.8,
1032,2025-09-20,22:55:04,17.5,91.0,
1033,2025-09-20,23:00:04,17.5,90.9,
1034,2025-09-20,23:05:04,17.6,90.9,
1035,2025-09-20,23:10:04,17.6,90.9,
1036,2025-09-20,23:15:04,17.6,90.9,
1037,2025-09-20,23:20:04,17.6,90.9,
1038,2025-09-20,23:25:04,17.5,90.9,
1039,2025-09-20,23:30:04,17.5,90.9,
1040,2025-09-20,23:35:04,17.5,90.9,
1041,2025-09-20,23:40:04,17.5,90.9,
1042,2025-09-20,23:45:04,17.5,90.9,
1043,2025-09-20,23:50:04,17.5,91.0,
1044,2025-09-20,23:55:04,17.5,90.9,
1045,2025-09-21,00:00:04,17.5,91.0,
1046,2025-09-21,00:05:04,17.5,91.0,
1047,2025-09-21,00:10:04,17.5,91.0,
1048,2025-09-21,00:15:04,17.5,91.0,
1049,2025-09-21,00:20:04,17.5,91.0,
1050,2025-09-21,00:25:04,17.4,91.0,
1051,2025-09-21,00:30:04,17.4,91.0,
1052,2025-09-21,00:35:04,17.4,91.0,
1053,2025-09-21,00:40:04,17.3,90.9,
1054,2025-09-21,00:45:04,17.2,91.0,
1055,2025-09-21,00:50:04,17.2,91.1,
1056,2025-09-21,00:55:04,17.2,91.1,
1057,2025-09-21,01:00:04,17.2,91.2,
1058,2025-09-21,01:05:04,17.2,91.2,
1059,2025-09-21,01:10:04,17.2,91.2,
1060,2025-09-21,01:15:04,17.3,91.2,
1061,2025-09-21,01:20:04,17.2,91.2,
1062,2025-09-21,01:25:04,17.2,91.2,
1063,2025-09-21,01:30:04,17.2,91.2,
1064,2025-09-21,01:35:04,17.2,91.2,
1065,2025-09-21,01:40:04,17.2,91.2,
1066,2025-09-21,01:45:04,17.2,91.2,
1067,2025-09-21,01:50:04,17.2,91.2,
1068,2025-09-21,01:55:04,17.2,91.2,
1069,2025-09-21,02:00:04,17.2,91.2,
1070,2025-09-21,02:05:04,17.2,91.3,
1071,2025-09-21,02:10:04,17.3,91.2,
1072,2025-09-21,02:15:04,17.3,91.3,
1073,2025-09-21,02:20:04,17.3,91.3,
1074,2025-09-21,02:25:04,17.3,91.3,
1075,2025-09-21,02:30:04,17.3,91.3,
1076,2025-09-21,02:35:04,17.3,91.3,
1077,2025-09-21,02:40:04,17.3,91.3,
1078,2025-09-21,02:45:04,17.3,91.3,
1079,2025-09-21,02:50:04,17.3,91.3,
1080,2025-09-21,02:55:04,17.3,91.3,
1081,2025-09-21,03:00:04,17.3,91.3,
1082,2025-09-21,03:05:04,17.3,91.3,
1083,2025-09-21,03:10:04,17.3,91.3,
1084,2025-09-21,03:15:04,17.3,91.3,
1085,2025-09-21,03:20:04,17.3,91.3,
1086,2025-09-21,03:25:04,17.2,91.3,
1087,2025-09-21,03:30:04,17.2,91.4,
1088,2025-09-21,03:35:04,17.2,91.4,
1089,2025-09-21,03:40:04,17.2,91.4,
1090,2025-09-21,03:45:04,17.2,91.4,
1091,2025-09-21,03:50:04,17.2,91.4,
1092,2025-09-21,03:55:04,17.3,91.4,
1093,2025-09-21,04:00:04,17.3,91.4,
1094,2025-09-21,04:05:04,17.2,91.4,
1095,2025-09-21,04:10:04,17.3,91.4,
1096,2025-09-21,04:15:04,17.3,91.4,
1097,2025-09-21,04:20:04,17.3,91.5,
1098,2025-09-21,04:25:04,17.2,91.4,
1099,2025-09-21,04:30:04,17.2,91.4,
1100,2025-09-21,04:35:04,17.3,91.5,
1101,2025-09-21,04:40:04,17.3,91.5,
1102,2025-09-21,04:45:04,17.3,91.5,
1103,2025-09-21,04:50:04,17.3,91.5,
1104,2025-09-21,04:55:04,17.2,91.5,
1105,2025-09-21,05:00:04,17.2,91.5,
1106,2025-09-21,05:05:04,17.2,91.5,
1107,2025-09-21,05:10:04,17.2,91.5,
1108,2025-09-21,05:15:04,17.2,91.5,
1109,2025-09-21,05:20:04,17.2,91.5,
1110,2025-09-21,05:25:04,17.2,91.6,
1111,2025-09-21,05:30:04,17.2,91.6,
1112,2025-09-21,05:35:04,17.2,91.6,
1113,2025-09-21,05:40:04,17.2,91.6,
1114,2025-09-21,05:45:04,17.2,91.6,
1115,2025-09-21,05:50:04,17.2,91.6,
1116,2025-09-21,05:55:04,17.2,91.5,
1117,2025-09-21,06:00:04,17.2,91.6,
1118,2025-09-21,06:05:04,17.2,91.6,
1119,2025-09-21,06:10:04,17.2,91.6,
1120,2025-09-21,06:15:04,17.2,91.6,
1121,2025-09-21,06:20:04,17.2,91.6,
1122,2025-09-21,06:25:04,17.2,91.6,
1123,2025-09-21,06:30:04,17.2,91.6,
1124,2025-09-21,06:35:04,17.2,91.6,
1125,2025-09-21,06:40:04,17.2,91.7,
1126,2025-09-21,06:45:04,17.2,91.6,
1127,2025-09-21,06:50:04,17.3,91.7,
1128,2025-09-21,06:55:04,17.3,91.6,
1129,2025-09-21,07:00:04,17.2,91.6,
1130,2025-09-21,07:05:04,17.2,91.7,
1131,2025-09-21,07:10:04,17.2,91.6,
1132,2025-09-21,07:15:04,17.2,91.7,
1133,2025-09-21,07:20:04,17.2,91.7,
1134,2025-09-21,07:25:04,17.2,91.7,
1135,2025-09-21,07:30:04,17.3,91.6,
1136,2025-09-21,07:35:04,17.2,91.6,
1137,2025-09-21,07:40:04,17.2,91.7,
1138,2025-09-21,07:45:04,17.3,91.8,
1139,2025-09-21,07:50:04,17.3,91.7,
1140,2025-09-21,07:55:04,17.3,91.7,
1141,2025-09-21,08:00:04,17.3,91.7,
1142,2025-09-21,08:05:04,17.4,91.7,
1143,2025-09-21,08:10:04,17.4,91.7,
1144,2025-09-21,08:15:04,17.4,91.7,
1145,2025-09-21,08:20:04,17.5,91.7,
1146,2025-09-21,08:25:04,17.6,91.7,
1147,2025-09-21,08:30:04,17.7,91.7,
1148,2025-09-21,08:35:04,17.8,91.7,
1149,2025-09-21,08:40:04,17.8,91.7,
1150,2025-09-21,08:45:04,17.8,91.6,
1151,2025-09-21,08:50:04,17.8,91.7,
1152,2025-09-21,08:55:04,17.9,91.7,
1153,2025-09-21,09:00:04,17.9,91.8,
1154,2025-09-21,09:05:04,17.9,91.6,
1155,2025-09-21,09:10:04,18.1,91.6,
1156,2025-09-21,09:15:04,18.3,91.7,
1157,2025-09-21,09:20:04,18.6,91.6,
1158,2025-09-21,09:25:04,18.6,91.6,
1159,2025-09-21,09:30:04,18.4,91.5,
1160,2025-09-21,09:35:04,18.2,91.5,
1161,2025-09-21,09:40:04,18.1,91.7,
1162,2025-09-21,09:45:04,18.2,91.6,
1163,2025-09-21,09:50:04,18.1,91.5,
1164,2025-09-21,09:55:04,18.2,91.6,
1165,2025-09-21,10:00:04,18.4,91.6,
1166,2025-09-21,10:05:04,18.4,91.5,
1167,2025-09-21,10:10:04,18.6,91.8,
1168,2025-09-21,10:15:04,18.8,91.1,
1169,2025-09-21,10:20:04,18.9,91.0,
1170,2025-09-21,10:25:04,18.9,91.0,
1171,2025-09-21,10:30:04,18.9,91.0,
1172,2025-09-21,10:35:04,19.0,91.0,
1173,2025-09-21,10:40:04,19.0,90.9,
1174,2025-09-21,10:45:04,19.0,90.6,
1175,2025-09-21,10:50:04,18.9,90.8,
1176,2025-09-21,10:55:04,19.1,90.6,
1177,2025-09-21,11:00:04,19.2,90.5,
1178,2025-09-21,11:05:04,19.4,90.5,
1179,2025-09-21,11:10:04,19.4,90.3,
1180,2025-09-21,11:15:04,19.6,90.3,
1181,2025-09-21,11:20:04,19.9,90.5,
1182,2025-09-21,11:25:04,20.1,90.2,
1183,2025-09-21,11:30:04,20.3,90.0,
1184,2025-09-21,11:35:04,20.5,89.7,
1185,2025-09-21,11:40:04,20.5,89.6,
1186,2025-09-21,11:45:04,20.4,89.6,
1187,2025-09-21,11:50:04,20.6,89.6,
1188,2025-09-21,11:55:04,20.6,89.4,
1189,2025-09-21,12:00:04,20.7,89.6,
1190,2025-09-21,12:05:04,20.8,89.7,
1191,2025-09-21,12:10:04,20.9,89.7,
1192,2025-09-21,12:15:04,21.3,89.6,
1193,2025-09-21,12:20:04,21.4,89.4,
1194,2025-09-21,12:25:04,21.3,89.4,
1195,2025-09-21,12:30:04,21.5,89.5,
1196,2025-09-21,12:35:04,21.6,89.5,
1197,2025-09-21,12:40:04,21.7,89.6,
1198,2025-09-21,12:45:04,21.7,89.6,
1199,2025-09-21,12:50:04,22.1,89.8,
1200,2025-09-21,12:55:04,22.4,89.5,
1201,2025-09-21,13:00:04,22.1,89.3,
1202,2025-09-21,13:05:04,21.9,89.6,
1203,2025-09-21,13:10:04,21.8,89.8,
1204,2025-09-21,13:15:04,21.9,89.9,
1205,2025-09-21,13:20:04,22.1,90.0,
1206,2025-09-21,13:25:04,22.0,90.0,
1207,2025-09-21,13:30:04,22.1,89.9,
1208,2025-09-21,13:35:04,22.1,89.9,
1209,2025-09-21,13:40:04,22.0,90.0,
1210,2025-09-21,13:45:04,21.9,90.0,
1211,2025-09-21,13:50:04,21.8,90.2,
1212,2025-09-21,13:55:04,22.1,90.2,
1213,2025-09-21,14:00:04,22.4,90.3,
1214,2025-09-21,14:05:04,22.6,90.1,
1215,2025-09-21,14:10:04,22.5,89.8,
1216,2025-09-21,14:15:04,22.7,90.2,
1217,2025-09-21,14:20:04,22.9,90.1,
1218,2025-09-21,14:25:04,22.9,89.9,
1219,2025-09-21,14:30:04,22.8,89.7,
1220,2025-09-21,14:35:04,22.9,89.7,
1221,2025-09-21,14:40:04,22.8,89.6,
1222,2025-09-21,14:45:04,22.5,89.6,
1223,2025-09-21,14:50:04,22.4,89.7,
1224,2025-09-21,14:55:04,22.2,89.6,
1225,2025-09-21,15:00:04,22.1,89.7,
1226,2025-09-21,15:05:04,21.9,89.7,
1227,2025-09-21,15:10:04,21.5,89.6,
1228,2025-09-21,15:15:04,21.0,89.8,
1229,2025-09-21,15:20:04,20.6,89.8,
1230,2025-09-21,15:25:04,20.4,89.9,
1231,2025-09-21,15:30:04,20.2,89.9,
1232,2025-09-21,15:35:04,20.2,89.9,
1233,2025-09-21,15:40:04,20.3,89.9,
1234,2025-09-21,15:45:04,20.4,89.9,
1235,2025-09-21,15:50:04,20.5,89.8,
1236,2025-09-21,15:55:04,20.6,89.8,
1237,2025-09-21,16:00:04,20.8,89.6,
1238,2025-09-21,16:05:04,20.9,89.5,
1239,2025-09-21,16:10:04,21.2,89.5,
1240,2025-09-21,16:15:04,21.5,89.4,
1241,2025-09-21,16:20:04,21.9,89.7,
1242,2025-09-21,16:25:04,21.9,88.8,
1243,2025-09-21,16:30:04,21.7,88.8,
1244,2025-09-21,16:35:04,21.6,88.9,
1245,2025-09-21,16:40:04,21.7,88.9,
1246,2025-09-21,16:45:04,21.6,88.9,
1247,2025-09-21,16:50:04,21.6,88.8,
1248,2025-09-21,16:55:04,21.6,88.9,
1249,2025-09-21,17:00:04,21.6,88.7,
1250,2025-09-21,17:05:04,21.3,88.8,
1251,2025-09-21,17:10:04,21.1,88.9,
1252,2025-09-21,17:15:04,20.9,88.9,
1253,2025-09-21,17:20:04,20.7,89.0,
1254,2025-09-21,17:25:04,20.5,89.1,
1255,2025-09-21,17:30:04,20.3,89.1,
1256,2025-09-21,17:35:04,20.2,89.2,
1257,2025-09-21,17:40:04,20.0,89.3,
1258,2025-09-21,17:45:04,19.8,89.3,
1259,2025-09-21,17:50:04,19.6,89.3,
1260,2025-09-21,17:55:04,19.5,89.4,
1261,2025-09-21,18:00:04,19.4,89.5,
1262,2025-09-21,18:05:04,19.3,89.6,
1263,2025-09-21,18:10:04,19.3,89.6,
1264,2025-09-21,18:15:04,19.2,89.7,
1265,2025-09-21,18:20:04,19.2,89.8,
1266,2025-09-21,18:25:04,19.1,89.8,
1267,2025-09-21,18:30:04,19.1,89.8,
1268,2025-09-21,18:35:04,19.1,89.8,
1269,2025-09-21,18:40:04,19.0,89.8,
1270,2025-09-21,18:45:04,19.0,89.8,
1271,2025-09-21,18:50:04,19.0,89.9,
1272,2025-09-21,18:55:04,18.9,89.9,
1273,2025-09-21,19:00:04,18.9,90.0,
1274,2025-09-21,19:05:04,18.9,90.0,
1275,2025-09-21,19:10:04,18.9,90.0,
1276,2025-09-21,19:15:04,18.9,90.0,
1277,2025-09-21,19:20:04,18.9,90.1,
1278,2025-09-21,19:25:04,18.9,90.1,
1279,2025-09-21,19:30:04,18.9,90.1,
1280,2025-09-21,19:35:04,18.8,90.1,
1281,2025-09-21,19:40:04,18.8,90.1,
1282,2025-09-21,19:45:04,18.7,90.2,
1283,2025-09-21,19:50:04,18.7,90.2,
1284,2025-09-21,19:55:04,18.7,90.3,
1285,2025-09-21,20:00:04,18.7,90.3,
1286,2025-09-21,20:05:04,18.8,90.3,
1287,2025-09-21,20:10:04,18.8,90.3,
1288,2025-09-21,20:15:04,18.8,90.3,
1289,2025-09-21,20:20:04,18.8,90.3,
1290,2025-09-21,20:25:04,18.8,90.3,
1291,2025-09-21,20:30:04,18.7,90.3,
1292,2025-09-21,20:35:04,18.7,90.3,
1293,2025-09-21,20:40:04,18.7,90.3,
1294,2025-09-21,20:45:04,18.6,90.4,
1295,2025-09-21,20:50:04,18.6,90.4,
1296,2025-09-21,20:55:04,18.6,90.5,
1297,2025-09-21,21:00:04,18.7,90.4,
1298,2025-09-21,21:05:04,18.6,90.3,
1299,2025-09-21,21:10:04,18.6,90.4,
1300,2025-09-21,21:15:04,18.5,90.0,
1301,2025-09-21,21:20:04,17.9,90.0,
1302,2025-09-21,21:25:04,17.2,90.2,
1303,2025-09-21,21:30:04,17.0,90.6,
1304,2025-09-21,21:35:04,16.8,90.8,
1305,2025-09-21,21:40:04,16.8,91.0,
1306,2025-09-21,21:45:04,16.8,91.1,
1307,2025-09-21,21:50:04,16.7,91.1,
1308,2025-09-21,21:55:04,16.5,91.2,
1309,2025-09-21,22:00:04,16.5,91.2,
1310,2025-09-21,22:05:04,16.3,91.3,
1311,2025-09-21,22:10:04,16.2,91.4,
1312,2025-09-21,22:15:04,16.1,91.5,
1313,2025-09-21,22:20:04,16.1,91.6,
1314,2025-09-21,22:25:04,16.1,91.5,
1315,2025-09-21,22:30:04,16.0,91.6,
1316,2025-09-21,22:35:04,15.9,91.6,
1317,2025-09-21,22:40:04,15.8,91.6,
1318,2025-09-21,22:45:04,15.8,91.7,
1319,2025-09-21,22:50:04,15.8,91.8,
1320,2025-09-21,22:55:04,15.8,91.8,
1321,2025-09-21,23:00:04,15.8,91.8,
1322,2025-09-21,23:05:04,15.8,91.8,
1323,2025-09-21,23:10:04,15.8,91.8,
1324,2025-09-21,23:15:04,15.8,91.8,
1325,2025-09-21,23:20:04,15.8,91.9,
1326,2025-09-21,23:25:04,15.9,92.0,
1327,2025-09-21,23:30:04,15.9,92.0,
1328,2025-09-21,23:35:04,15.9,91.9,
1329,2025-09-21,23:40:04,16.0,92.0,
1330,2025-09-21,23:45:04,16.0,92.0,
1331,2025-09-21,23:50:04,16.0,92.0,
1332,2025-09-21,23:55:04,16.1,92.0,
1333,2025-09-22,00:00:04,16.1,92.1,
1334,2025-09-22,00:05:04,16.1,92.1,
1335,2025-09-22,00:10:04,16.2,92.1,
1336,2025-09-22,00:15:04,16.3,92.1,
1337,2025-09-22,00:20:04,16.3,92.1,
1338,2025-09-22,00:25:04,16.4,92.1,
1339,2025-09-22,00:30:04,16.4,92.1,
1340,2025-09-22,00:35:04,16.4,92.0,
1341,2025-09-22,00:40:04,16.5,92.1,
1342,2025-09-22,00:45:04,16.6,92.1,
1343,2025-09-22,00:50:04,16.6,92.0,
1344,2025-09-22,00:55:04,16.6,92.0,
1345,2025-09-22,01:00:04,16.6,92.1,
1346,2025-09-22,01:05:04,16.7,92.0,
1347,2025-09-22,01:10:04,16.7,92.0,
1348,2025-09-22,01:15:04,16.7,92.0,
1349,2025-09-22,01:20:04,16.7,92.0,
1350,2025-09-22,01:25:04,16.7,92.0,
1351,2025-09-22,01:30:04,16.7,92.1,
1352,2025-09-22,01:35:04,16.7,92.0,
1353,2025-09-22,01:40:04,16.7,92.1,
1354,2025-09-22,01:45:04,16.7,92.1,
1355,2025-09-22,01:50:04,16.6,92.1,
1356,2025-09-22,01:55:04,16.6,92.0,
1357,2025-09-22,02:00:04,16.5,92.2,
1358,2025-09-22,02:05:04,16.6,92.2,
1359,2025-09-22,02:10:04,16.6,92.0,
1360,2025-09-22,02:15:04,16.6,92.0,
1361,2025-09-22,02:20:04,16.5,92.1,
1362,2025-09-22,02:25:04,16.5,92.2,
1363,2025-09-22,02:30:04,16.5,92.2,
1364,2025-09-22,02:35:04,16.6,92.3,
1365,2025-09-22,02:40:04,16.7,92.2,
1366,2025-09-22,02:45:04,16.8,92.1,
1367,2025-09-22,02:50:04,16.8,91.9,
1368,2025-09-22,02:55:04,16.9,91.8,
1369,2025-09-22,03:00:04,16.8,91.8,
1370,2025-09-22,03:05:04,16.8,91.6,
1371,2025-09-22,03:10:04,16.7,91.7,
1372,2025-09-22,03:15:04,16.7,91.7,
1373,2025-09-22,03:20:04,16.9,91.8,
1374,2025-09-22,03:25:04,16.8,91.7,
1375,2025-09-22,03:30:04,16.8,91.6,
1376,2025-09-22,03:35:04,16.8,91.6,
1377,2025-09-22,03:40:04,16.8,91.5,
1378,2025-09-22,03:45:04,16.6,91.5,
1379,2025-09-22,03:50:04,16.5,91.7,
1380,2025-09-22,03:55:04,16.4,91.8,
1381,2025-09-22,04:00:04,16.4,91.9,
1382,2025-09-22,04:05:04,16.4,92.0,
1383,2025-09-22,04:10:04,16.3,92.0,
1384,2025-09-22,04:15:04,16.3,92.1,
1385,2025-09-22,04:20:04,16.4,92.2,
1386,2025-09-22,04:25:04,16.3,92.2,
1387,2025-09-22,04:30:04,16.3,92.2,
1388,2025-09-22,04:35:04,16.3,92.2,
1389,2025-09-22,04:40:04,16.3,92.2,
1390,2025-09-22,04:45:04,16.3,92.3,
1391,2025-09-22,04:50:04,16.3,92.3,
1392,2025-09-22,04:55:04,16.4,92.2,
1393,2025-09-22,05:00:04,16.5,92.2,
1394,2025-09-22,05:05:04,16.4,92.0,
1395,2025-09-22,05:10:04,16.3,92.1,
1396,2025-09-22,05:15:04,16.5,92.2,
1397,2025-09-22,05:20:04,16.5,92.0,
1398,2025-09-22,05:25:04,16.8,92.0,
1399,2025-09-22,05:30:04,17.0,91.8,
1400,2025-09-22,05:35:04,17.1,91.6,
1401,2025-09-22,05:40:04,17.2,91.7,
1402,2025-09-22,05:45:04,17.4,91.5,
1403,2025-09-22,05:50:04,17.4,91.5,
1404,2025-09-22,05:55:04,17.5,91.4,
1405,2025-09-22,06:00:04,17.6,91.4,
1406,2025-09-22,06:05:04,17.6,91.5,
1407,2025-09-22,06:10:04,17.5,91.5,
1408,2025-09-22,06:15:04,17.5,91.6,
1409,2025-09-22,06:20:04,17.6,91.5,
1410,2025-09-22,06:25:04,17.7,91.6,
1411,2025-09-22,06:30:04,17.6,91.1,
1412,2025-09-22,06:35:04,17.0,91.4,
1413,2025-09-22,06:40:04,16.7,91.7,
1414,2025-09-22,06:45:04,16.7,91.9,
1415,2025-09-22,06:50:04,17.0,91.9,
1416,2025-09-22,06:55:04,17.1,91.8,
1417,2025-09-22,07:00:04,16.9,91.7,
1418,2025-09-22,07:05:04,16.7,91.8,
1419,2025-09-22,07:10:04,16.6,92.0,
1420,2025-09-22,07:15:04,16.6,92.1,
1421,2025-09-22,07:20:04,16.7,92.1,
1422,2025-09-22,07:25:04,16.7,92.1,
1423,2025-09-22,07:30:04,16.7,92.2,
1424,2025-09-22,07:35:04,16.7,92.2,
1425,2025-09-22,07:40:04,16.7,92.2,
1426,2025-09-22,07:45:04,16.8,92.2,
1427,2025-09-22,07:50:04,16.9,92.3,
1428,2025-09-22,07:55:04,17.3,92.6,
1429,2025-09-22,08:00:04,17.7,92.2,
1430,2025-09-22,08:05:04,17.8,91.9,
1431,2025-09-22,08:10:04,17.8,91.8,
1432,2025-09-22,08:15:04,17.7,91.8,
1433,2025-09-22,08:20:04,17.8,92.0,
1434,2025-09-22,08:25:04,17.8,91.9,
1435,2025-09-22,08:30:04,17.9,91.9,
1436,2025-09-22,08:35:04,18.1,91.9,
1437,2025-09-22,08:40:04,18.2,92.0,
1438,2025-09-22,08:45:04,18.4,92.0,
1439,2025-09-22,08:50:04,18.9,91.7,
1440,2025-09-22,08:55:04,19.1,92.0,
1441,2025-09-22,09:00:04,19.4,91.6,
1442,2025-09-22,09:05:04,19.4,91.5,
1443,2025-09-22,09:10:04,19.7,91.3,
1444,2025-09-22,09:15:04,19.8,91.3,
1445,2025-09-22,09:20:04,19.8,91.2,
1446,2025-09-22,09:25:04,19.9,91.2,
1447,2025-09-22,09:30:04,19.9,91.3,
1448,2025-09-22,09:35:04,20.1,90.7,
1449,2025-09-22,09:40:04,20.3,91.2,
1450,2025-09-22,09:45:04,20.4,91.1,
1451,2025-09-22,09:50:04,20.6,90.9,
1452,2025-09-22,09:55:04,20.8,90.6,
1453,2025-09-22,10:00:04,20.8,90.7,
1454,2025-09-22,10:05:04,20.9,90.8,
1455,2025-09-22,10:10:04,21.2,90.8,
1456,2025-09-22,10:15:04,21.2,90.7,
1457,2025-09-22,10:20:04,21.2,90.5,
1458,2025-09-22,10:25:04,21.2,90.6,
1459,2025-09-22,10:30:04,21.0,90.5,
1460,2025-09-22,10:35:04,21.2,90.5,
1461,2025-09-22,10:40:04,21.5,90.8,
1462,2025-09-22,10:45:04,21.8,90.5,
1463,2025-09-22,10:50:04,22.1,90.3,
1464,2025-09-22,10:55:04,22.1,90.1,
1465,2025-09-22,11:00:04,22.1,90.2,
1466,2025-09-22,11:05:04,22.2,90.1,
1467,2025-09-22,11:10:04,22.7,90.2,
1468,2025-09-22,11:15:04,22.8,89.7,
1469,2025-09-22,11:20:04,22.8,89.6,
1470,2025-09-22,11:25:04,22.9,89.6,
1471,2025-09-22,11:30:04,23.0,89.5,
1472,2025-09-22,11:35:04,23.1,89.4,
1473,2025-09-22,11:40:04,23.2,89.3,
1474,2025-09-22,11:45:04,23.3,89.2,
1475,2025-09-22,11:50:04,23.3,89.1,
1476,2025-09-22,11:55:04,23.4,89.2,
1477,2025-09-22,12:00:04,23.6,89.2,
1478,2025-09-22,12:05:04,23.5,88.9,
1479,2025-09-22,12:10:04,23.4,89.0,
1480,2025-09-22,12:15:04,23.6,88.8,
1481,2025-09-22,12:20:04,23.5,88.6,
1482,2025-09-22,12:25:04,23.4,88.5,
1483,2025-09-22,12:30:04,23.4,88.5,
1484,2025-09-22,12:35:04,23.5,88.3,
1485,2025-09-22,12:40:04,23.3,88.1,
1486,2025-09-22,12:45:04,22.9,88.1,
1487,2025-09-22,12:50:04,22.7,88.1,
1488,2025-09-22,12:55:04,22.3,88.2,
1489,2025-09-22,13:00:04,21.9,88.2,
1490,2025-09-22,13:05:04,21.5,88.3,
1491,2025-09-22,13:10:04,21.2,88.5,
1492,2025-09-22,13:15:04,20.9,88.6,
1493,2025-09-22,13:20:04,20.5,88.8,
1494,2025-09-22,13:25:04,20.1,88.7,
1495,2025-09-22,13:30:04,19.7,88.7,
1496,2025-09-22,13:35:04,19.1,88.9,
1497,2025-09-22,13:40:04,18.7,88.8,
1498,2025-09-22,13:45:04,18.3,89.2,
1499,2025-09-22,13:50:04,17.9,89.5,
1500,2025-09-22,13:55:04,17.6,89.7,
1501,2025-09-22,14:00:04,17.5,89.9,
1502,2025-09-22,14:05:04,17.5,90.2,
1503,2025-09-22,14:10:04,17.6,90.2,
1504,2025-09-22,14:15:04,17.5,90.0,
1505,2025-09-22,14:20:04,17.4,90.2,
1506,2025-09-22,14:25:04,17.3,90.4,
1507,2025-09-22,14:30:04,17.7,90.6,
1508,2025-09-22,14:35:04,17.9,90.4,
1509,2025-09-22,14:40:04,17.7,90.4,
1510,2025-09-22,14:45:04,17.5,90.4,
1511,2025-09-22,14:50:04,17.5,90.6,
1512,2025-09-22,14:55:04,17.7,90.7,
1513,2025-09-22,15:00:04,17.8,90.7,
1514,2025-09-22,15:05:04,17.8,90.7,
1515,2025-09-22,15:10:04,17.9,90.7,
1516,2025-09-22,15:15:04,17.9,90.7,
1517,2025-09-22,15:20:04,17.9,90.7,
1518,2025-09-22,15:25:04,17.9,90.8,
1519,2025-09-22,15:30:04,17.9,90.8,
1520,2025-09-22,15:35:04,17.9,90.8,
1521,2025-09-22,15:40:04,17.8,90.8,
1522,2025-09-22,15:45:04,17.8,90.9,
1523,2025-09-22,15:50:04,17.7,90.9,
1524,2025-09-22,15:55:04,17.6,90.9,
1525,2025-09-22,16:00:04,17.5,90.9,
1526,2025-09-22,16:05:04,17.4,91.0,
1527,2025-09-22,16:10:04,17.5,91.1,
1528,2025-09-22,16:15:04,17.5,91.0,
1529,2025-09-22,16:20:04,17.5,91.0,
1530,2025-09-22,16:25:04,17.3,91.0,
1531,2025-09-22,16:30:04,17.2,91.1,
1532,2025-09-22,16:35:04,17.2,91.1,
1533,2025-09-22,16:40:04,17.2,91.1,
1534,2025-09-22,16:45:04,17.1,91.1,
1535,2025-09-22,16:50:04,17.0,91.2,
1536,2025-09-22,16:55:04,16.9,91.2,
1537,2025-09-22,17:00:04,16.9,91.2,
1538,2025-09-22,17:05:04,16.9,91.3,
1539,2025-09-22,17:10:04,17.0,91.4,
1540,2025-09-22,17:15:04,17.1,91.3,
1541,2025-09-22,17:20:04,17.1,91.4,
1542,2025-09-22,17:25:04,17.1,91.4,
1543,2025-09-22,17:30:04,17.1,91.4,
1544,2025-09-22,17:35:04,17.1,91.4,
1545,2025-09-22,17:40:04,17.1,91.4,
1546,2025-09-22,17:45:04,17.0,91.4,
1547,2025-09-22,17:50:04,16.9,91.3,
1548,2025-09-22,17:55:04,16.8,91.5,
1549,2025-09-22,18:00:04,16.8,91.5,
1550,2025-09-22,18:05:04,16.8,91.5,
1551,2025-09-22,18:10:04,16.8,91.6,
1552,2025-09-22,18:15:04,16.8,91.5,
1553,2025-09-22,18:20:04,16.8,91.5,
1554,2025-09-22,18:25:04,16.8,91.6,
1555,2025-09-22,18:30:04,16.7,91.5,
1556,2025-09-22,18:35:04,16.7,91.6,
1557,2025-09-22,18:40:04,16.8,91.6,
1558,2025-09-22,18:45:04,16.9,91.6,
1559,2025-09-22,18:50:04,17.0,91.6,
1560,2025-09-22,18:55:04,17.0,91.6,
1561,2025-09-22,19:00:04,17.0,91.6,
1562,2025-09-22,19:05:04,17.0,91.6,
1563,2025-09-22,19:10:04,16.9,91.6,
1564,2025-09-22,19:15:04,17.0,91.6,
1565,2025-09-22,19:20:04,16.9,91.6,
1566,2025-09-22,19:25:04,16.8,91.6,
1567,2025-09-22,19:30:04,16.9,91.7,
1568,2025-09-22,19:35:04,16.9,91.7,
1569,2025-09-22,19:40:04,16.9,91.7,
1570,2025-09-22,19:45:04,16.8,91.7,
1571,2025-09-22,19:50:04,16.8,91.7,
1572,2025-09-22,19:55:04,16.8,91.8,
1573,2025-09-22,20:00:04,16.9,91.8,
1574,2025-09-22,20:05:04,16.9,91.8,
1575,2025-09-22,20:10:04,16.9,91.8,
1576,2025-09-22,20:15:04,16.9,91.8,
1577,2025-09-22,20:20:04,16.9,91.7,
1578,2025-09-22,20:25:04,16.9,91.8,
1579,2025-09-22,20:30:04,16.9,91.8,
1580,2025-09-22,20:35:04,16.8,91.8,
1581,2025-09-22,20:40:04,16.8,91.9,
1582,2025-09-22,20:45:04,16.8,91.9,
1583,2025-09-22,20:50:04,16.8,92.0,
1584,2025-09-22,20:55:04,16.7,92.0,
1585,2025-09-22,21:00:04,16.8,92.1,
1586,2025-09-22,21:05:04,16.7,92.0,
1587,2025-09-22,21:10:04,16.8,92.1,
1588,2025-09-22,21:15:04,16.7,92.1,
1589,2025-09-22,21:20:04,16.8,92.1,
1590,2025-09-22,21:25:04,16.8,92.2,
1591,2025-09-22,21:30:04,16.8,92.2,
1592,2025-09-22,21:35:04,16.8,92.2,
1593,2025-09-22,21:40:04,16.8,92.2,
1594,2025-09-22,21:45:04,16.8,92.3,
1595,2025-09-22,21:50:04,16.8,92.3,
1596,2025-09-22,21:55:04,16.8,92.3,
1597,2025-09-22,22:00:04,16.8,92.3,
1598,2025-09-22,22:05:04,16.8,92.3,
1599,2025-09-22,22:10:04,16.8,92.3,
1600,2025-09-22,22:15:04,16.8,92.3,
1601,2025-09-22,22:20:04,16.8,92.3,
1602,2025-09-22,22:25:04,16.8,92.3,
1603,2025-09-22,22:30:04,16.8,92.3,
1604,2025-09-22,22:35:04,16.8,92.3,
1605,2025-09-22,22:40:04,16.8,92.4,
1606,2025-09-22,22:45:04,16.8,92.4,
1607,2025-09-22,22:50:04,16.8,92.4,
1608,2025-09-22,22:55:04,16.8,92.4,
1609,2025-09-22,23:00:04,16.8,92.4,
1610,2025-09-22,23:05:04,16.8,92.4,
1611,2025-09-22,23:10:04,16.8,92.4,
1612,2025-09-22,23:15:04,16.8,92.4,
1613,2025-09-22,23:20:04,16.8,92.4,
1614,2025-09-22,23:25:04,16.8,92.4,
1615,2025-09-22,23:30:04,16.7,92.4,
1616,2025-09-22,23:35:04,16.7,92.4,
1617,2025-09-22,23:40:04,16.7,92.4,
1618,2025-09-22,23:45:04,16.7,92.5,
1619,2025-09-22,23:50:04,16.6,92.5,
1620,2025-09-22,23:55:04,16.6,92.5,
1621,2025-09-23,00:00:04,16.6,92.5,
1622,2025-09-23,00:05:04,16.6,92.5,
1623,2025-09-23,00:10:04,16.6,92.5,
1624,2025-09-23,00:15:04,16.7,92.5,
1625,2025-09-23,00:20:04,16.6,92.5,
1626,2025-09-23,00:25:04,16.6,92.5,
1627,2025-09-23,00:30:04,16.5,92.6,
1628,2025-09-23,00:35:04,16.5,92.6,
1629,2025-09-23,00:40:04,16.5,92.6,
1630,2025-09-23,00:45:04,16.5,92.6,
1631,2025-09-23,00:50:04,16.5,92.6,
1632,2025-09-23,00:55:04,16.5,92.7,
1633,2025-09-23,01:00:04,16.5,92.6,
1634,2025-09-23,01:05:04,16.5,92.7,
1635,2025-09-23,01:10:04,16.5,92.6,
1636,2025-09-23,01:15:04,16.5,92.7,
1637,2025-09-23,01:20:04,16.5,92.7,
1638,2025-09-23,01:25:04,16.5,92.7,
1639,2025-09-23,01:30:04,16.5,92.7,
1640,2025-09-23,01:35:04,16.4,92.7,
1641,2025-09-23,01:40:04,16.4,92.8,
1642,2025-09-23,01:45:04,16.3,92.8,
1643,2025-09-23,01:50:04,16.3,92.8,
1644,2025-09-23,01:55:04,16.4,92.9,
1645,2025-09-23,02:00:04,16.4,92.9,
1646,2025-09-23,02:05:04,16.3,92.9,
1647,2025-09-23,02:10:04,16.3,92.9,
1648,2025-09-23,02:15:04,16.3,92.9,
1649,2025-09-23,02:20:04,16.3,92.9,
1650,2025-09-23,02:25:04,16.3,92.9,
1651,2025-09-23,02:30:04,16.2,92.9,
1652,2025-09-23,02:35:04,16.2,92.9,
1653,2025-09-23,02:40:04,16.2,92.9,
1654,2025-09-23,02:45:04,16.2,93.0,
1655,2025-09-23,02:50:04,16.1,92.9,
1656,2025-09-23,02:55:04,16.1,93.0,
1657,2025-09-23,03:00:04,16.0,93.0,
1658,2025-09-23,03:05:04,15.9,93.0,
1659,2025-09-23,03:10:04,15.8,93.0,
1660,2025-09-23,03:15:04,15.7,93.0,
1661,2025-09-23,03:20:04,15.7,93.1,
1662,2025-09-23,03:25:04,15.8,93.1,
1663,2025-09-23,03:30:04,16.0,93.1,
1664,2025-09-23,03:35:04,16.1,93.1,
1665,2025-09-23,03:40:04,16.3,93.2,
1666,2025-09-23,03:45:04,16.2,93.1,
1667,2025-09-23,03:50:04,16.2,93.1,
1668,2025-09-23,03:55:04,16.2,93.1,
1669,2025-09-23,04:00:04,16.3,93.1,
1670,2025-09-23,04:05:04,16.3,93.2,
1671,2025-09-23,04:10:04,16.3,93.1,
1672,2025-09-23,04:15:04,16.3,93.2,
1673,2025-09-23,04:20:04,16.2,93.0,
1674,2025-09-23,04:25:04,16.1,93.1,
1675,2025-09-23,04:30:04,15.9,93.1,
1676,2025-09-23,04:35:04,15.9,93.2,
1677,2025-09-23,04:40:04,15.9,93.1,
1678,2025-09-23,04:45:04,15.8,93.2,
1679,2025-09-23,04:50:04,15.5,93.2,
1680,2025-09-23,04:55:04,15.3,93.2,
1681,2025-09-23,05:00:04,15.2,93.2,
1682,2025-09-23,05:05:04,15.1,93.3,
1683,2025-09-23,05:10:04,15.0,93.5,
1684,2025-09-23,05:15:04,15.0,93.7,
1685,2025-09-23,05:20:04,15.1,93.7,
1686,2025-09-23,05:25:04,15.1,93.2,
1687,2025-09-23,05:30:04,15.1,93.2,
1688,2025-09-23,05:35:04,15.1,93.2,
1689,2025-09-23,05:40:04,15.2,93.3,
1690,2025-09-23,05:45:04,15.2,93.5,
1691,2025-09-23,05:50:04,15.2,93.7,
1692,2025-09-23,05:55:04,15.4,93.5,
1693,2025-09-23,06:00:04,15.5,93.4,
1694,2025-09-23,06:05:04,15.6,93.4,
1695,2025-09-23,06:10:04,15.6,93.3,
1696,2025-09-23,06:15:04,15.8,93.0,
1697,2025-09-23,06:20:04,15.9,93.0,
1698,2025-09-23,06:25:04,16.0,92.7,
1699,2025-09-23,06:30:04,16.1,92.5,
1700,2025-09-23,06:35:04,16.4,92.3,
1701,2025-09-23,06:40:04,16.4,92.4,
1702,2025-09-23,06:45:04,16.5,92.1,
1703,2025-09-23,06:50:04,16.3,92.3,
1704,2025-09-23,06:55:04,16.4,92.3,
1705,2025-09-23,07:00:04,16.3,92.2,
1706,2025-09-23,07:05:04,16.2,92.6,
1707,2025-09-23,07:10:04,16.3,92.5,
1708,2025-09-23,07:15:04,16.5,92.7,
1709,2025-09-23,07:20:04,16.7,92.4,
1710,2025-09-23,07:25:04,16.9,92.3,
1711,2025-09-23,07:30:04,16.9,92.2,
1712,2025-09-23,07:35:04,16.7,92.1,
1713,2025-09-23,07:40:04,16.5,92.3,
1714,2025-09-23,07:45:04,16.4,92.4,
1715,2025-09-23,07:50:04,16.4,92.5,
1716,2025-09-23,07:55:04,16.4,92.5,
1717,2025-09-23,08:00:04,16.3,92.6,
1718,2025-09-23,08:05:04,16.3,92.6,
1719,2025-09-23,08:10:04,16.4,92.7,
1720,2025-09-23,08:15:04,16.4,92.7,
1721,2025-09-23,08:20:04,16.4,92.7,
1722,2025-09-23,08:25:04,16.4,92.8,
1723,2025-09-23,08:30:04,16.5,92.8,
1724,2025-09-23,08:35:04,16.5,92.8,
1725,2025-09-23,08:40:04,16.5,92.9,
1726,2025-09-23,08:45:04,16.6,92.9,
1727,2025-09-23,08:50:04,16.6,92.9,
1728,2025-09-23,08:55:04,16.7,92.9,
1729,2025-09-23,09:00:04,16.7,92.9,
1730,2025-09-23,09:05:04,16.8,92.9,
1731,2025-09-23,09:10:04,16.8,93.0,
1732,2025-09-23,09:15:04,16.8,93.0,
1733,2025-09-23,09:20:04,16.9,93.0,
1734,2025-09-23,09:25:04,16.9,93.0,
1735,2025-09-23,09:30:04,16.9,93.0,
1736,2025-09-23,09:35:04,16.9,93.0,
1737,2025-09-23,09:40:04,17.0,93.0,
1738,2025-09-23,09:45:04,17.1,93.0,
1739,2025-09-23,09:50:04,17.2,93.1,
1740,2025-09-23,09:55:04,17.3,93.0,
1741,2025-09-23,10:00:04,17.3,93.0,
1742,2025-09-23,10:05:04,17.3,93.0,
1743,2025-09-23,10:10:04,17.4,93.0,
1744,2025-09-23,10:15:04,17.4,93.0,
1745,2025-09-23,10:20:04,17.5,92.9,
1746,2025-09-23,10:25:04,17.7,93.0,
1747,2025-09-23,10:30:04,17.8,93.0,
1748,2025-09-23,10:35:04,18.0,92.9,
1749,2025-09-23,10:40:04,18.1,92.8,
1750,2025-09-23,10:45:04,18.2,92.8,
1751,2025-09-23,10:50:04,18.2,92.8,
1752,2025-09-23,10:55:04,18.3,92.7,
1753,2025-09-23,11:00:04,18.4,92.7,
1754,2025-09-23,11:05:04,18.5,92.7,
1755,2025-09-23,11:10:04,18.6,92.6,
1756,2025-09-23,11:15:04,18.7,92.6,
1757,2025-09-23,11:20:04,18.9,92.5,
1758,2025-09-23,11:25:04,19.0,92.5,
1759,2025-09-23,11:30:04,19.3,92.6,
1760,2025-09-23,11:35:04,19.6,92.3,
1761,2025-09-23,11:40:04,19.6,92.2,
1762,2025-09-23,11:45:04,19.7,92.2,
1763,2025-09-23,11:50:04,19.8,92.2,
1764,2025-09-23,11:55:04,19.8,92.1,
1765,2025-09-23,12:00:04,19.9,92.2,
1766,2025-09-23,12:05:04,20.0,92.1,
1767,2025-09-23,12:10:04,20.0,92.0,
1768,2025-09-23,12:15:04,20.0,91.9,
1769,2025-09-23,12:20:04,20.1,92.0,
1770,2025-09-23,12:25:04,20.1,91.9,
1771,2025-09-23,12:30:04,20.2,91.9,
1772,2025-09-23,12:35:04,20.2,91.8,
1773,2025-09-23,12:40:04,20.2,91.9,
1774,2025-09-23,12:45:04,20.2,91.9,
1775,2025-09-23,12:50:04,20.2,91.8,
1776,2025-09-23,12:55:04,20.4,91.8,
1777,2025-09-23,13:00:04,20.7,91.8,
1778,2025-09-23,13:05:04,21.0,91.7,
1779,2025-09-23,13:10:04,21.2,91.5,
1780,2025-09-23,13:15:04,21.5,91.5,
1781,2025-09-23,13:20:04,21.6,91.2,
1782,2025-09-23,13:25:04,21.4,91.1,
1783,2025-09-23,13:30:04,21.2,91.2,
1784,2025-09-23,13:35:04,21.1,91.4,
1785,2025-09-23,13:40:04,21.2,91.4,
1786,2025-09-23,13:45:04,21.1,91.4,
1787,2025-09-23,13:50:04,21.0,91.3,
1788,2025-09-23,13:55:04,20.8,91.4,
1789,2025-09-23,14:00:04,20.6,91.4,
1790,2025-09-23,14:05:04,20.5,91.5,
1791,2025-09-23,14:10:04,20.5,91.6,
1792,2025-09-23,14:15:04,20.5,91.7,
1793,2025-09-23,14:20:04,20.6,91.7,
1794,2025-09-23,14:25:04,20.7,91.6,
1795,2025-09-23,14:30:04,20.5,91.6,
1796,2025-09-23,14:35:04,20.4,91.6,
1797,2025-09-23,14:40:04,20.2,91.7,
1798,2025-09-23,14:45:04,20.2,91.7,
1799,2025-09-23,14:50:04,20.6,91.8,
1800,2025-09-23,14:55:04,21.0,91.7,
1801,2025-09-23,15:00:04,21.2,91.5,
1802,2025-09-23,15:05:04,21.1,91.5,
1803,2025-09-23,15:10:04,20.9,91.3,
1804,2025-09-23,15:15:04,20.7,91.5,
1805,2025-09-23,15:20:04,20.6,91.5,
1806,2025-09-23,15:25:04,20.6,91.5,
1807,2025-09-23,15:30:04,20.6,91.5,
1808,2025-09-23,15:35:04,20.6,91.5,
1809,2025-09-23,15:40:04,20.5,91.5,
1810,2025-09-23,15:45:04,20.4,91.6,
1811,2025-09-23,15:50:04,20.3,91.6,
1812,2025-09-23,15:55:04,20.1,91.6,
1813,2025-09-23,16:00:04,20.0,91.6,
1814,2025-09-23,16:05:04,19.8,91.6,
1815,2025-09-23,16:10:04,19.7,91.7,
1816,2025-09-23,16:15:04,19.6,91.7,
1817,2025-09-23,16:20:04,19.5,91.8,
1818,2025-09-23,16:25:04,19.4,91.8,
1819,2025-09-23,16:30:04,19.3,91.8,
1820,2025-09-23,16:35:04,19.3,91.9,
1821,2025-09-23,16:40:04,19.2,91.9,
1822,2025-09-23,16:45:04,19.2,91.9,
1823,2025-09-23,16:50:04,19.2,92.0,
1824,2025-09-23,16:55:04,19.1,92.0,
1825,2025-09-23,17:00:04,19.1,92.0,
1826,2025-09-23,17:05:04,19.0,92.1,
1827,2025-09-23,17:10:04,19.0,92.1,
1828,2025-09-23,17:15:04,19.0,92.1,
1829,2025-09-23,17:20:04,19.0,92.1,
1830,2025-09-23,17:25:04,19.0,92.1,
1831,2025-09-23,17:30:04,18.9,92.1,
1832,2025-09-23,17:35:04,18.9,92.2,
1833,2025-09-23,17:40:04,18.8,92.2,
1834,2025-09-23,17:45:04,18.8,92.2,
1835,2025-09-23,17:50:04,18.8,92.3,
1836,2025-09-23,17:55:04,18.7,92.3,
1837,2025-09-23,18:00:04,18.7,92.3,
1838,2025-09-23,18:05:04,18.6,92.3,
1839,2025-09-23,18:10:04,18.6,92.3,
1840,2025-09-23,18:15:04,18.6,92.4,
1841,2025-09-23,18:20:04,18.6,92.4,
1842,2025-09-23,18:25:04,18.5,92.4,
1843,2025-09-23,18:30:04,18.5,92.4,
1844,2025-09-23,18:35:04,18.5,92.5,
1845,2025-09-23,18:40:04,18.4,92.4,
1846,2025-09-23,18:45:04,18.4,92.5,
1847,2025-09-23,18:50:04,18.4,92.5,
1848,2025-09-23,18:55:04,18.4,92.5,
1849,2025-09-23,19:00:04,18.4,92.5,
1850,2025-09-23,19:05:04,18.4,92.5,
1851,2025-09-23,19:10:04,18.3,92.5,
1852,2025-09-23,19:15:04,18.3,92.5,
1853,2025-09-23,19:20:04,18.3,92.5,
1854,2025-09-23,19:25:04,18.3,92.6,
1855,2025-09-23,19:30:04,18.3,92.6,
1856,2025-09-23,19:35:04,18.3,92.6,
1857,2025-09-23,19:40:04,18.3,92.6,
1858,2025-09-23,19:45:04,18.3,92.6,
1859,2025-09-23,19:50:04,18.3,92.6,
1860,2025-09-23,19:55:04,18.3,92.6,
1861,2025-09-23,20:00:04,18.3,92.7,
1862,2025-09-23,20:05:04,18.3,92.6,
1863,2025-09-23,20:10:04,18.3,92.7,
1864,2025-09-23,20:15:04,18.3,92.7,
1865,2025-09-23,20:20:04,18.2,92.7,
1866,2025-09-23,20:25:04,18.2,92.7,
1867,2025-09-23,20:30:04,18.2,92.7,
1868,2025-09-23,20:35:04,18.2,92.7,
1869,2025-09-23,20:40:04,18.2,92.7,
1870,2025-09-23,20:45:04,18.1,92.8,
1871,2025-09-23,20:50:04,18.1,92.8,
1872,2025-09-23,20:55:04,18.1,92.8,
1873,2025-09-23,21:00:04,18.0,92.7,
1874,2025-09-23,21:05:04,17.9,92.8,
1875,2025-09-23,21:10:04,17.9,92.8,
1876,2025-09-23,21:15:04,17.8,92.8,
1877,2025-09-23,21:20:04,17.7,92.8,
1878,2025-09-23,21:25:04,17.7,92.9,
1879,2025-09-23,21:30:04,17.7,92.9,
1880,2025-09-23,21:35:04,17.7,92.9,
1881,2025-09-23,21:40:04,17.7,92.9,
1882,2025-09-23,21:45:04,17.7,92.9,
1883,2025-09-23,21:50:04,17.6,92.9,
1884,2025-09-23,21:55:04,17.6,92.9,
1885,2025-09-23,22:00:04,17.6,93.0,
1886,2025-09-23,22:05:04,17.6,93.0,
1887,2025-09-23,22:10:04,17.6,93.0,
1888,2025-09-23,22:15:04,17.6,93.0,
1889,2025-09-23,22:20:04,17.6,93.0,
1890,2025-09-23,22:25:04,17.8,93.0,
1891,2025-09-23,22:30:04,17.9,93.0,
1892,2025-09-23,22:35:04,18.0,92.9,
1893,2025-09-23,22:40:04,17.9,92.8,
1894,2025-09-23,22:45:04,18.0,92.8,
1895,2025-09-23,22:50:04,18.0,92.8,
1896,2025-09-23,22:55:04,18.0,92.8,
1897,2025-09-23,23:00:04,18.0,92.8,
1898,2025-09-23,23:05:04,17.9,92.8,
1899,2025-09-23,23:10:04,17.9,92.9,
1900,2025-09-23,23:15:04,17.9,92.8,
1901,2025-09-23,23:20:04,17.9,92.9,
1902,2025-09-23,23:25:04,18.1,92.8,
1903,2025-09-23,23:30:04,18.1,92.8,
1904,2025-09-23,23:35:04,18.2,92.8,
1905,2025-09-23,23:40:04,18.1,92.7,
1906,2025-09-23,23:45:04,17.9,92.5,
1907,2025-09-23,23:50:04,17.8,92.6,
1908,2025-09-23,23:55:04,17.6,92.7,
1909,2025-09-24,00:00:04,17.4,92.8,
1910,2025-09-24,00:05:04,17.4,92.9,
1911,2025-09-24,00:10:04,17.4,92.9,
1912,2025-09-24,00:15:04,17.3,92.9,
1913,2025-09-24,00:20:04,17.3,92.9,
1914,2025-09-24,00:25:04,17.3,93.0,
1915,2025-09-24,00:30:04,17.3,93.0,
1916,2025-09-24,00:35:04,17.3,93.1,
1917,2025-09-24,00:40:04,17.4,93.0,
1918,2025-09-24,00:45:04,17.3,93.0,
1919,2025-09-24,00:50:04,17.3,93.0,
1920,2025-09-24,00:55:04,17.3,93.0,
1921,2025-09-24,01:00:04,17.2,93.0,
1922,2025-09-24,01:05:04,17.2,93.0,
1923,2025-09-24,01:10:04,17.2,93.1,
1924,2025-09-24,01:15:04,17.2,93.1,
1925,2025-09-24,01:20:04,17.2,93.1,
1926,2025-09-24,01:25:04,17.1,93.1,
1927,2025-09-24,01:30:04,17.1,93.1,
1928,2025-09-24,01:35:04,17.1,93.2,
1929,2025-09-24,01:40:04,17.1,93.2,
1930,2025-09-24,01:45:04,17.1,93.2,
1931,2025-09-24,01:50:04,17.1,93.2,
1932,2025-09-24,01:55:04,17.1,93.2,
1933,2025-09-24,02:00:04,17.0,93.2,
1934,2025-09-24,02:05:04,17.0,93.2,
1935,2025-09-24,02:10:04,17.0,93.2,
1936,2025-09-24,02:15:04,17.2,93.2,
1937,2025-09-24,02:20:04,17.1,93.1,
1938,2025-09-24,02:25:04,17.1,93.2,
1939,2025-09-24,02:30:04,17.1,93.2,
1940,2025-09-24,02:35:04,17.0,93.2,
1941,2025-09-24,02:40:04,17.1,93.2,
1942,2025-09-24,02:45:04,17.2,93.3,
1943,2025-09-24,02:50:04,17.2,93.1,
1944,2025-09-24,02:55:04,17.1,93.1,
1945,2025-09-24,03:00:04,17.0,93.1,
1946,2025-09-24,03:05:04,16.9,93.1,
1947,2025-09-24,03:10:04,16.9,93.2,
1948,2025-09-24,03:15:04,16.9,93.2,
1949,2025-09-24,03:20:04,16.8,93.2,
1950,2025-09-24,03:25:04,16.8,93.3,
1951,2025-09-24,03:30:04,16.7,93.3,
1952,2025-09-24,03:35:04,16.7,93.3,
1953,2025-09-24,03:40:04,16.7,93.3,
1954,2025-09-24,03:45:04,16.7,93.3,
1955,2025-09-24,03:50:04,16.6,93.3,
1956,2025-09-24,03:55:04,16.6,93.3,
1957,2025-09-24,04:00:04,16.6,93.3,
1958,2025-09-24,04:05:04,16.5,93.4,
1959,2025-09-24,04:10:04,16.5,93.4,
1960,2025-09-24,04:15:04,16.5,93.4,
1961,2025-09-24,04:20:04,16.5,93.4,
1962,2025-09-24,04:25:04,16.5,93.4,
1963,2025-09-24,04:30:04,16.4,93.4,
1964,2025-09-24,04:35:04,16.4,93.5,
1965,2025-09-24,04:40:04,16.5,93.5,
1966,2025-09-24,04:45:04,16.6,93.5,
1967,2025-09-24,04:50:04,16.6,93.5,
1968,2025-09-24,04:55:04,16.6,93.4,
1969,2025-09-24,05:00:04,16.5,93.4,
1970,2025-09-24,05:05:04,16.5,93.5,
1971,2025-09-24,05:10:04,16.5,93.4,
1972,2025-09-24,05:15:04,16.4,93.5,
1973,2025-09-24,05:20:04,16.4,93.5,
1974,2025-09-24,05:25:04,16.4,93.5,
1975,2025-09-24,05:30:04,16.4,93.5,
1976,2025-09-24,05:35:04,16.4,93.5,
1977,2025-09-24,05:40:04,16.5,93.5,
1978,2025-09-24,05:45:04,16.5,93.5,
1979,2025-09-24,05:50:04,16.6,93.5,
1980,2025-09-24,05:55:04,16.6,93.5,
1981,2025-09-24,06:00:04,16.6,93.4,
1982,2025-09-24,06:05:04,16.5,93.4,
1983,2025-09-24,06:10:04,16.5,93.5,
1984,2025-09-24,06:15:04,16.5,93.5,
1985,2025-09-24,06:20:04,16.5,93.5,
1986,2025-09-24,06:25:04,16.5,93.5,
1987,2025-09-24,06:30:04,16.5,93.6,
1988,2025-09-24,06:35:04,16.6,93.6,
1989,2025-09-24,06:40:04,16.6,93.5,
1990,2025-09-24,06:45:04,16.7,93.5,
1991,2025-09-24,06:50:04,16.8,93.5,
1992,2025-09-24,06:55:04,16.7,93.4,
1993,2025-09-24,07:00:04,16.7,93.6,
1994,2025-09-24,07:05:04,16.9,93.6,
1995,2025-09-24,07:10:04,17.0,93.5,
1996,2025-09-24,07:15:04,17.0,93.4,
1997,2025-09-24,07:20:04,16.9,93.4,
1998,2025-09-24,07:25:04,17.0,93.5,
1999,2025-09-24,07:30:04,17.0,93.5,
2000,2025-09-24,07:35:04,17.0,93.5,
2001,2025-09-24,07:40:04,17.1,93.5,
2002,2025-09-24,07:45:04,17.2,93.5,
2003,2025-09-24,07:50:04,17.2,93.5,
2004,2025-09-24,07:55:04,17.3,93.4,
2005,2025-09-24,08:00:04,17.4,93.4,
2006,2025-09-24,08:05:04,17.5,93.5,
2007,2025-09-24,08:10:04,17.5,93.4,
2008,2025-09-24,08:15:04,17.6,93.4,
2009,2025-09-24,08:20:04,17.7,93.4,
2010,2025-09-24,08:25:04,17.8,93.4,
2011,2025-09-24,08:30:04,17.9,93.4,
2012,2025-09-24,08:35:04,17.9,93.4,
2013,2025-09-24,08:40:04,18.0,93.3,
2014,2025-09-24,08:45:04,18.0,93.3,
2015,2025-09-24,08:50:04,18.1,93.3,
2016,2025-09-24,08:55:04,18.1,93.3,
2017,2025-09-24,09:00:04,18.2,93.3,
2018,2025-09-24,09:05:04,18.3,93.3,
2019,2025-09-24,09:10:04,18.4,93.3,
2020,2025-09-24,09:15:04,18.5,93.2,
2021,2025-09-24,09:20:04,18.5,93.2,
2022,2025-09-24,09:25:04,18.5,93.2,
2023,2025-09-24,09:30:04,18.6,93.1,
2024,2025-09-24,09:35:04,18.8,93.2,
2025,2025-09-24,09:40:04,18.8,93.1,
2026,2025-09-24,09:45:04,18.9,93.1,
2027,2025-09-24,09:50:04,19.1,93.0,
2028,2025-09-24,09:55:04,19.2,93.0,
2029,2025-09-24,10:00:04,19.3,93.0,
2030,2025-09-24,10:05:04,19.3,92.9,
2031,2025-09-24,10:10:04,19.4,92.9,
2032,2025-09-24,10:15:04,19.7,92.8,
2033,2025-09-24,10:20:04,19.7,92.7,
2034,2025-09-24,10:25:04,19.7,92.7,
2035,2025-09-24,10:30:04,19.6,92.6,
2036,2025-09-24,10:35:04,19.7,92.7,
2037,2025-09-24,10:40:04,19.7,92.7,
2038,2025-09-24,10:45:04,19.8,92.7,
2039,2025-09-24,10:50:04,20.0,92.7,
2040,2025-09-24,10:55:04,20.2,92.7,
2041,2025-09-24,11:00:04,20.4,92.6,
2042,2025-09-24,11:05:04,20.8,92.4,
2043,2025-09-24,11:10:04,20.7,92.3,
2044,2025-09-24,11:15:04,20.6,92.3,
2045,2025-09-24,11:20:04,20.6,92.2,
2046,2025-09-24,11:25:04,20.8,92.2,
2047,2025-09-24,11:30:04,21.0,92.2,
2048,2025-09-24,11:35:04,21.1,92.1,
2049,2025-09-24,11:40:04,20.9,92.0,
2050,2025-09-24,11:45:04,20.9,92.1,
2051,2025-09-24,11:50:04,21.3,92.1,
2052,2025-09-24,11:55:04,21.5,91.9,
2053,2025-09-24,12:00:04,21.5,91.9,
2054,2025-09-24,12:05:04,21.4,91.8,
2055,2025-09-24,12:10:04,21.2,91.9,
2056,2025-09-24,12:15:04,21.4,91.9,
2057,2025-09-24,12:20:04,21.7,91.8,
2058,2025-09-24,12:25:04,21.8,91.7,
2059,2025-09-24,12:30:04,22.1,91.6,
2060,2025-09-24,12:35:04,22.3,91.6,
2061,2025-09-24,12:40:04,22.7,91.4,
2062,2025-09-24,12:45:04,22.9,91.2,
2063,2025-09-24,12:50:04,22.8,91.0,
2064,2025-09-24,12:55:04,22.6,91.0,
2065,2025-09-24,13:00:04,22.2,91.1,
2066,2025-09-24,13:05:04,22.0,91.1,
2067,2025-09-24,13:10:04,21.9,91.2,
2068,2025-09-24,13:15:04,21.9,91.3,
2069,2025-09-24,13:20:04,22.3,91.5,
2070,2025-09-24,13:25:04,22.8,91.2,
2071,2025-09-24,13:30:04,23.1,90.9,
2072,2025-09-24,13:35:04,23.0,90.9,
2073,2025-09-24,13:40:04,22.9,90.6,
2074,2025-09-24,13:45:04,22.7,90.8,
2075,2025-09-24,13:50:04,22.4,90.9,
2076,2025-09-24,13:55:04,22.4,90.9,
2077,2025-09-24,14:00:04,22.3,90.9,
2078,2025-09-24,14:05:04,22.2,91.0,
2079,2025-09-24,14:10:04,22.2,91.0,
2080,2025-09-24,14:15:04,22.6,91.1,
2081,2025-09-24,14:20:04,22.8,90.9,
2082,2025-09-24,14:25:04,22.8,90.7,
2083,2025-09-24,14:30:04,22.5,90.6,
2084,2025-09-24,14:35:04,22.1,90.6,
2085,2025-09-24,14:40:04,21.9,90.6,
2086,2025-09-24,14:45:04,21.8,90.7,
2087,2025-09-24,14:50:04,21.6,90.7,
2088,2025-09-24,14:55:04,21.5,90.7,
2089,2025-09-24,15:00:04,21.3,90.7,
2090,2025-09-24,15:05:04,21.3,90.9,
2091,2025-09-24,15:10:04,21.7,91.0,
2092,2025-09-24,15:15:04,22.1,90.7,
2093,2025-09-24,15:20:04,22.5,90.6,
2094,2025-09-24,15:25:04,22.8,90.4,
2095,2025-09-24,15:30:04,22.9,90.1,
2096,2025-09-24,15:35:04,22.3,90.0,
2097,2025-09-24,15:40:04,22.0,90.2,
2098,2025-09-24,15:45:04,21.7,90.2,
2099,2025-09-24,15:50:04,21.4,90.4,
2100,2025-09-24,15:55:04,21.1,90.5,
2101,2025-09-24,16:00:04,21.0,90.5,
2102,2025-09-24,16:05:04,20.9,90.6,
2103,2025-09-24,16:10:04,20.9,90.6,
2104,2025-09-24,16:15:04,20.9,90.6,
2105,2025-09-24,16:20:04,20.9,90.6,
2106,2025-09-24,16:25:04,20.9,90.6,
2107,2025-09-24,16:30:04,20.9,90.7,
2108,2025-09-24,16:35:04,20.9,90.6,
2109,2025-09-24,16:40:04,20.9,90.7,
2110,2025-09-24,16:45:04,20.9,90.7,
2111,2025-09-24,16:50:04,20.9,90.7,
2112,2025-09-24,16:55:04,20.9,90.6,
2113,2025-09-24,17:00:04,20.9,90.6,
2114,2025-09-24,17:05:04,20.8,90.7,
2115,2025-09-24,17:10:04,20.6,90.7,
2116,2025-09-24,17:15:04,20.5,90.8,
2117,2025-09-24,17:20:04,20.4,90.8,
2118,2025-09-24,17:25:04,20.3,90.8,
2119,2025-09-24,17:30:04,20.1,90.9,
2120,2025-09-24,17:35:04,20.0,91.0,
2121,2025-09-24,17:40:04,20.0,91.0,
2122,2025-09-24,17:45:04,19.8,91.1,
2123,2025-09-24,17:50:04,19.7,91.1,
2124,2025-09-24,17:55:04,19.7,91.2,
2125,2025-09-24,18:00:04,19.6,91.2,
2126,2025-09-24,18:05:04,19.5,91.3,
2127,2025-09-24,18:10:04,19.5,91.3,
2128,2025-09-24,18:15:04,19.4,91.4,
2129,2025-09-24,18:20:04,19.4,91.4,
2130,2025-09-24,18:25:04,19.4,91.4,
2131,2025-09-24,18:30:04,19.3,91.4,
2132,2025-09-24,18:35:04,19.3,91.5,
2133,2025-09-24,18:40:04,19.2,91.5,
2134,2025-09-24,18:45:04,19.2,91.5,
2135,2025-09-24,18:50:04,19.1,91.6,
2136,2025-09-24,18:55:04,19.1,91.6,
2137,2025-09-24,19:00:04,19.0,91.6,
2138,2025-09-24,19:05:04,18.9,91.6,
2139,2025-09-24,19:10:04,18.9,91.8,
2140,2025-09-24,19:15:04,18.8,91.8,
2141,2025-09-24,19:20:04,18.8,91.8,
2142,2025-09-24,19:25:04,18.8,91.9,
2143,2025-09-24,19:30:04,18.8,91.9,
2144,2025-09-24,19:35:04,18.8,91.9,
2145,2025-09-24,19:40:04,18.7,91.9,
2146,2025-09-24,19:45:04,18.7,91.9,
2147,2025-09-24,19:50:04,18.7,91.9,
2148,2025-09-24,19:55:04,18.6,92.0,
2149,2025-09-24,20:00:04,18.6,92.0,
2150,2025-09-24,20:05:04,18.5,92.0,
2151,2025-09-24,20:10:04,18.5,92.1,
2152,2025-09-24,20:15:04,18.5,92.1,
2153,2025-09-24,20:20:04,18.5,92.1,
2154,2025-09-24,20:25:04,18.5,92.2,
2155,2025-09-24,20:30:04,18.5,92.1,
2156,2025-09-24,20:35:04,18.5,92.2,
2157,2025-09-24,20:40:04,18.5,92.2,
2158,2025-09-24,20:45:04,18.5,92.2,
2159,2025-09-24,20:50:04,18.5,92.3,
2160,2025-09-24,20:55:04,18.4,92.3,
2161,2025-09-24,21:00:04,18.4,92.3,
2162,2025-09-24,21:05:04,18.4,92.3,
2163,2025-09-24,21:10:04,18.4,92.3,
2164,2025-09-24,21:15:04,18.4,92.3,
2165,2025-09-24,21:20:04,18.4,92.3,
2166,2025-09-24,21:25:04,18.3,92.3,
2167,2025-09-24,21:30:04,18.3,92.4,
2168,2025-09-24,21:35:04,18.2,92.4,
2169,2025-09-24,21:40:04,18.2,92.4,
2170,2025-09-24,21:45:04,18.2,92.5,
2171,2025-09-24,21:50:04,18.2,92.5,
2172,2025-09-24,21:55:04,18.2,92.5,
2173,2025-09-24,22:00:04,18.2,92.5,
2174,2025-09-24,22:05:04,18.1,92.5,
2175,2025-09-24,22:10:04,18.1,92.5,
2176,2025-09-24,22:15:04,18.1,92.6,
2177,2025-09-24,22:20:04,18.1,92.6,
2178,2025-09-24,22:25:04,18.1,92.6,
2179,2025-09-24,22:30:04,18.1,92.6,
2180,2025-09-24,22:35:04,18.1,92.6,
2181,2025-09-24,22:40:04,18.1,92.6,
2182,2025-09-24,22:45:04,18.1,92.6,
2183,2025-09-24,22:50:04,18.1,92.6,
2184,2025-09-24,22:55:04,18.0,92.6,
2185,2025-09-24,23:00:04,17.9,92.5,
2186,2025-09-24,23:05:04,17.8,92.6,
2187,2025-09-24,23:10:04,17.8,92.7,
2188,2025-09-24,23:15:04,17.8,92.7,
2189,2025-09-24,23:20:04,17.8,92.7,
2190,2025-09-24,23:25:04,17.8,92.7,
2191,2025-09-24,23:30:04,17.8,92.7,
2192,2025-09-24,23:35:04,17.8,92.7,
2193,2025-09-24,23:40:04,17.8,92.7,
2194,2025-09-24,23:45:04,17.7,92.7,
2195,2025-09-24,23:50:04,17.7,92.7,
2196,2025-09-24,23:55:04,17.6,92.7,
2197,2025-09-25,00:00:04,17.7,92.7,
2198,2025-09-25,00:05:04,17.6,92.7,
2199,2025-09-25,00:10:04,17.6,92.7,
2200,2025-09-25,00:15:04,17.5,92.7,
2201,2025-09-25,00:20:04,17.5,92.7,
2202,2025-09-25,00:25:04,17.5,92.8,
2203,2025-09-25,00:30:04,17.5,92.8,
2204,2025-09-25,00:35:04,17.5,92.8,
2205,2025-09-25,00:40:04,17.5,92.8,
2206,2025-09-25,00:45:04,17.5,92.8,
2207,2025-09-25,00:50:04,17.5,92.8,
2208,2025-09-25,00:55:04,17.5,92.8,
2209,2025-09-25,01:00:04,17.5,92.8,
2210,2025-09-25,01:05:04,17.5,92.8,
2211,2025-09-25,01:10:04,17.4,92.8,
2212,2025-09-25,01:15:04,17.4,92.8,
2213,2025-09-25,01:20:04,17.4,92.8,
2214,2025-09-25,01:25:04,17.4,92.8,
2215,2025-09-25,01:30:04,17.5,92.8,
2216,2025-09-25,01:35:04,17.5,92.8,
2217,2025-09-25,01:40:04,17.5,92.8,
2218,2025-09-25,01:45:04,17.3,92.8,
2219,2025-09-25,01:50:04,17.2,92.8,
2220,2025-09-25,01:55:04,17.2,92.9,
2221,2025-09-25,02:00:04,17.2,92.9,
2222,2025-09-25,02:05:04,17.3,92.9,
2223,2025-09-25,02:10:04,17.3,93.0,
2224,2025-09-25,02:15:04,17.3,93.0,
2225,2025-09-25,02:20:04,17.4,92.9,
2226,2025-09-25,02:25:04,17.4,92.9,
2227,2025-09-25,02:30:04,17.4,92.9,
2228,2025-09-25,02:35:04,17.5,92.9,
2229,2025-09-25,02:40:04,17.5,92.9,
2230,2025-09-25,02:45:04,17.5,92.8,
2231,2025-09-25,02:50:04,17.5,92.9,
2232,2025-09-25,02:55:04,17.5,92.9,
2233,2025-09-25,03:00:04,17.5,92.8,
2234,2025-09-25,03:05:04,17.4,92.8,
2235,2025-09-25,03:10:04,17.4,92.8,
2236,2025-09-25,03:15:04,17.4,92.8,
2237,2025-09-25,03:20:04,17.3,92.8,
2238,2025-09-25,03:25:04,17.2,92.9,
2239,2025-09-25,03:30:04,17.2,93.0,
2240,2025-09-25,03:35:04,17.3,93.0,
2241,2025-09-25,03:40:04,17.3,92.9,
2242,2025-09-25,03:45:04,17.3,92.9,
2243,2025-09-25,03:50:04,17.3,92.9,
2244,2025-09-25,03:55:04,17.3,92.9,
2245,2025-09-25,04:00:04,17.3,92.9,
2246,2025-09-25,04:05:04,17.3,92.9,
2247,2025-09-25,04:10:04,17.3,92.9,
2248,2025-09-25,04:15:04,17.2,92.9,
2249,2025-09-25,04:20:04,17.2,92.9,
2250,2025-09-25,04:25:04,17.2,92.9,
2251,2025-09-25,04:30:04,17.2,93.0,
2252,2025-09-25,04:35:04,17.1,93.0,
2253,2025-09-25,04:40:04,17.1,93.0,
2254,2025-09-25,04:45:04,17.1,93.0,
2255,2025-09-25,04:50:04,17.1,93.0,
2256,2025-09-25,04:55:04,17.2,93.0,
2257,2025-09-25,05:00:04,17.2,93.1,
2258,2025-09-25,05:05:04,17.3,93.0,
2259,2025-09-25,05:10:04,17.3,93.0,
2260,2025-09-25,05:15:04,17.2,93.0,
2261,2025-09-25,05:20:04,17.2,93.0,
2262,2025-09-25,05:25:04,17.2,92.9,
2263,2025-09-25,05:30:04,17.1,92.9,
2264,2025-09-25,05:35:04,17.1,92.9,
2265,2025-09-25,05:40:04,17.0,92.9,
2266,2025-09-25,05:45:04,16.9,93.0,
2267,2025-09-25,05:50:04,16.9,92.9,
2268,2025-09-25,05:55:04,16.9,93.0,
2269,2025-09-25,06:00:04,16.9,93.0,
2270,2025-09-25,06:05:04,16.8,92.9,
2271,2025-09-25,06:10:04,16.6,92.9,
2272,2025-09-25,06:15:04,16.5,92.9,
2273,2025-09-25,06:20:04,16.3,93.0,
2274,2025-09-25,06:25:04,16.3,93.2,
2275,2025-09-25,06:30:04,16.4,93.3,
2276,2025-09-25,06:35:04,16.4,93.2,
2277,2025-09-25,06:40:04,16.4,93.1,
2278,2025-09-25,06:45:04,16.4,93.2,
2279,2025-09-25,06:50:04,16.5,93.2,
2280,2025-09-25,06:55:04,16.6,93.2,
2281,2025-09-25,07:00:04,16.7,93.2,
2282,2025-09-25,07:05:04,16.5,93.1,
2283,2025-09-25,07:10:04,16.3,93.0,
2284,2025-09-25,07:15:04,16.3,93.1,
2285,2025-09-25,07:20:04,16.3,93.2,
2286,2025-09-25,07:25:04,16.3,93.2,
2287,2025-09-25,07:30:04,16.3,93.3,
2288,2025-09-25,07:35:04,16.5,93.4,
2289,2025-09-25,07:40:04,16.7,93.3,
2290,2025-09-25,07:45:04,16.7,93.2,
2291,2025-09-25,07:50:04,16.7,93.3,
2292,2025-09-25,07:55:04,16.7,93.3,
2293,2025-09-25,08:00:04,16.8,93.2,
2294,2025-09-25,08:05:04,16.9,93.3,
2295,2025-09-25,08:10:04,16.9,93.2,
2296,2025-09-25,08:15:04,17.0,93.2,
2297,2025-09-25,08:20:04,17.1,93.2,
2298,2025-09-25,08:25:04,17.2,93.2,
2299,2025-09-25,08:30:04,17.3,93.2,
2300,2025-09-25,08:35:04,17.4,93.1,
2301,2025-09-25,08:40:04,17.5,93.1,
2302,2025-09-25,08:45:04,17.7,93.1,
2303,2025-09-25,08:50:04,17.8,93.1,
2304,2025-09-25,08:55:04,17.9,93.0,
2305,2025-09-25,09:00:04,18.0,93.0,
2306,2025-09-25,09:05:04,18.1,93.0,
2307,2025-09-25,09:10:04,18.2,92.9,
2308,2025-09-25,09:15:04,18.2,92.9,
2309,2025-09-25,09:20:04,18.4,92.8,
2310,2025-09-25,09:25:04,18.7,92.8,
2311,2025-09-25,09:30:04,18.7,92.7,
2312,2025-09-25,09:35:04,18.9,92.7,
2313,2025-09-25,09:40:04,19.2,92.6,
2314,2025-09-25,09:45:04,19.3,92.5,
2315,2025-09-25,09:50:04,19.3,92.4,
2316,2025-09-25,09:55:04,19.4,92.3,
2317,2025-09-25,10:00:04,19.5,92.3,
2318,2025-09-25,10:05:04,19.6,92.3,
2319,2025-09-25,10:10:04,19.8,92.2,
2320,2025-09-25,10:15:04,19.9,92.1,
2321,2025-09-25,10:20:04,20.0,92.1,
2322,2025-09-25,10:25:04,20.1,92.0,
2323,2025-09-25,10:30:04,20.2,91.9,
2324,2025-09-25,10:35:04,20.2,91.9,
2325,2025-09-25,10:40:04,20.2,91.8,
2326,2025-09-25,10:45:04,20.3,91.8,
2327,2025-09-25,10:50:04,20.3,91.7,
2328,2025-09-25,10:55:04,20.3,91.7,
2329,2025-09-25,11:00:04,20.3,91.7,
2330,2025-09-25,11:05:04,20.6,91.6,
2331,2025-09-25,11:10:04,20.8,91.5,
2332,2025-09-25,11:15:04,21.0,91.3,
2333,2025-09-25,11:20:04,21.5,91.2,
2334,2025-09-25,11:25:04,21.5,91.0,
2335,2025-09-25,11:30:04,22.4,90.8,
2336,2025-09-25,11:35:04,22.6,93.1,
2337,2025-09-25,11:40:04,23.1,91.6,
2338,2025-09-25,11:45:04,23.1,91.1,
2339,2025-09-25,11:50:04,23.0,90.9,
2340,2025-09-25,11:55:04,23.0,90.9,
2341,2025-09-25,12:00:04,22.9,90.9,
2342,2025-09-25,12:05:04,23.0,92.9,
2343,2025-09-25,12:10:04,24.0,93.2,
2344,2025-09-25,12:15:04,24.3,92.0,
2345,2025-09-25,12:20:04,24.4,91.3,
2346,2025-09-25,12:25:04,24.5,90.8,
2347,2025-09-25,12:30:04,24.5,90.5,
2348,2025-09-25,12:35:04,24.5,90.4,
2349,2025-09-25,12:40:04,24.5,90.3,
2350,2025-09-25,12:45:04,24.5,90.2,
2351,2025-09-25,12:50:04,24.5,90.2,
2352,2025-09-25,12:55:04,24.5,90.2,
2353,2025-09-25,13:00:04,24.6,90.2,
2354,2025-09-25,13:05:04,24.6,90.2,
2355,2025-09-25,13:10:04,24.7,90.2,
2356,2025-09-25,13:15:04,24.7,90.2,
2357,2025-09-25,13:20:04,24.8,90.2,
2358,2025-09-25,13:25:04,24.9,90.1,
2359,2025-09-25,13:30:04,25.0,90.1,
2360,2025-09-25,13:35:04,25.0,90.1,
2361,2025-09-25,13:40:04,25.1,90.0,
2362,2025-09-25,13:45:04,25.1,89.9,
2363,2025-09-25,13:50:04,25.2,89.9,
2364,2025-09-25,13:55:04,25.2,89.9,
2365,2025-09-25,14:00:04,25.3,89.8,
2366,2025-09-25,14:05:04,25.3,89.7,
2367,2025-09-25,14:10:04,25.4,89.7,
2368,2025-09-25,14:15:04,25.7,90.0,
2369,2025-09-25,14:20:04,25.8,89.5,
2370,2025-09-25,14:25:04,25.9,89.1,
